"Program","Year","Period","Week Ending","Geo Level","State","State ANSI","Ag District","Ag District Code","County","County ANSI","Zip Code","Region","watershed_code","Watershed","Commodity","Data Item","Domain","Domain Category","Value","CV (%)"
"CENSUS","2022","YEAR","","COUNTY","ALABAMA","01","WIREGRASS","60","GENEVA","061","","","00000000","","PLUM-APRICOT HYBRIDS","PLUM-APRICOT HYBRIDS, INCL PLUMCOTS & PLUOTS - ACRES BEARING","TOTAL","NOT SPECIFIED"," (D)","(D)"
"CENSUS","2022","YEAR","","COUNTY","ALABAMA","01","WIREGRASS","60","RUSSELL","113","","","00000000","","PLUM-APRICOT HYBRIDS","PLUM-APRICOT HYBRIDS, INCL PLUMCOTS & PLUOTS - ACRES BEARING","TOTAL","NOT SPECIFIED"," (D)","(D)"
"CENSUS","2022","YEAR","","COUNTY","ARIZONA","04","NORTHERN","10","MOHAVE","015","","","00000000","","PLUM-APRICOT HYBRIDS","PLUM-APRICOT HYBRIDS, INCL PLUMCOTS & PLUOTS - ACRES BEARING","TOTAL","NOT SPECIFIED"," (D)","(D)"
"CENSUS","2022","YEAR","","COUNTY","ARIZONA","04","NORTHERN","10","YAVAPAI","025","","","00000000","","PLUM-APRICOT HYBRIDS","PLUM-APRICOT HYBRIDS, INCL PLUMCOTS & PLUOTS - ACRES BEARING","TOTAL","NOT SPECIFIED"," (D)","(D)"
"CENSUS","2022","YEAR","","COUNTY","ARIZONA","04","SOUTHERN","80","PINAL","021","","","00000000","","PLUM-APRICOT HYBRIDS","PLUM-APRICOT HYBRIDS, INCL PLUMCOTS & PLUOTS - ACRES BEARING","TOTAL","NOT SPECIFIED","1","55.3"
"CENSUS","2022","YEAR","","COUNTY","CALIFORNIA","06","CENTRAL COAST","40","ALAMEDA","001","","","00000000","","PLUM-APRICOT HYBRIDS","PLUM-APRICOT HYBRIDS, INCL PLUMCOTS & PLUOTS - ACRES BEARING","TOTAL","NOT SPECIFIED"," (D)","(D)"
"CENSUS","2022","YEAR","","COUNTY","CALIFORNIA","06","CENTRAL COAST","40","LAKE","033","","","00000000","","PLUM-APRICOT HYBRIDS","PLUM-APRICOT HYBRIDS, INCL PLUMCOTS & PLUOTS - ACRES BEARING","TOTAL","NOT SPECIFIED"," (D)","(D)"
"CENSUS","2022","YEAR","","COUNTY","CALIFORNIA","06","CENTRAL COAST","40","NAPA","055","","","00000000","","PLUM-APRICOT HYBRIDS","PLUM-APRICOT HYBRIDS, INCL PLUMCOTS & PLUOTS - ACRES BEARING","TOTAL","NOT SPECIFIED"," (D)","(D)"
"CENSUS","2022","YEAR","","COUNTY","CALIFORNIA","06","CENTRAL COAST","40","SAN LUIS OBISPO","079","","","00000000","","PLUM-APRICOT HYBRIDS","PLUM-APRICOT HYBRIDS, INCL PLUMCOTS & PLUOTS - ACRES BEARING","TOTAL","NOT SPECIFIED","3","41.6"
"CENSUS","2022","YEAR","","COUNTY","CALIFORNIA","06","CENTRAL COAST","40","SAN MATEO","081","","","00000000","","PLUM-APRICOT HYBRIDS","PLUM-APRICOT HYBRIDS, INCL PLUMCOTS & PLUOTS - ACRES BEARING","TOTAL","NOT SPECIFIED"," (D)","(D)"
"CENSUS","2022","YEAR","","COUNTY","CALIFORNIA","06","CENTRAL COAST","40","SANTA CLARA","085","","","00000000","","PLUM-APRICOT HYBRIDS","PLUM-APRICOT HYBRIDS, INCL PLUMCOTS & PLUOTS - ACRES BEARING","TOTAL","NOT SPECIFIED"," (D)","(D)"
"CENSUS","2022","YEAR","","COUNTY","CALIFORNIA","06","CENTRAL COAST","40","SANTA CRUZ","087","","","00000000","","PLUM-APRICOT HYBRIDS","PLUM-APRICOT HYBRIDS, INCL PLUMCOTS & PLUOTS - ACRES BEARING","TOTAL","NOT SPECIFIED"," (D)","(D)"
"CENSUS","2022","YEAR","","COUNTY","CALIFORNIA","06","CENTRAL COAST","40","SONOMA","097","","","00000000","","PLUM-APRICOT HYBRIDS","PLUM-APRICOT HYBRIDS, INCL PLUMCOTS & PLUOTS - ACRES BEARING","TOTAL","NOT SPECIFIED","2","41.6"
"CENSUS","2022","YEAR","","COUNTY","CALIFORNIA","06","NORTHERN COAST","10","HUMBOLDT","023","","","00000000","","PLUM-APRICOT HYBRIDS","PLUM-APRICOT HYBRIDS, INCL PLUMCOTS & PLUOTS - ACRES BEARING","TOTAL","NOT SPECIFIED"," (D)","(D)"
"CENSUS","2022","YEAR","","COUNTY","CALIFORNIA","06","NORTHERN COAST","10","MENDOCINO","045","","","00000000","","PLUM-APRICOT HYBRIDS","PLUM-APRICOT HYBRIDS, INCL PLUMCOTS & PLUOTS - ACRES BEARING","TOTAL","NOT SPECIFIED"," (D)","(D)"
"CENSUS","2022","YEAR","","COUNTY","CALIFORNIA","06","SACRAMENTO VALLEY","50","COLUSA","011","","","00000000","","PLUM-APRICOT HYBRIDS","PLUM-APRICOT HYBRIDS, INCL PLUMCOTS & PLUOTS - ACRES BEARING","TOTAL","NOT SPECIFIED"," (D)","(D)"
"CENSUS","2022","YEAR","","COUNTY","CALIFORNIA","06","SACRAMENTO VALLEY","50","GLENN","021","","","00000000","","PLUM-APRICOT HYBRIDS","PLUM-APRICOT HYBRIDS, INCL PLUMCOTS & PLUOTS - ACRES BEARING","TOTAL","NOT SPECIFIED"," (D)","(D)"
"CENSUS","2022","YEAR","","COUNTY","CALIFORNIA","06","SACRAMENTO VALLEY","50","SACRAMENTO","067","","","00000000","","PLUM-APRICOT HYBRIDS","PLUM-APRICOT HYBRIDS, INCL PLUMCOTS & PLUOTS - ACRES BEARING","TOTAL","NOT SPECIFIED","4","41.6"
"CENSUS","2022","YEAR","","COUNTY","CALIFORNIA","06","SACRAMENTO VALLEY","50","SUTTER","101","","","00000000","","PLUM-APRICOT HYBRIDS","PLUM-APRICOT HYBRIDS, INCL PLUMCOTS & PLUOTS - ACRES BEARING","TOTAL","NOT SPECIFIED"," (D)","(D)"
"CENSUS","2022","YEAR","","COUNTY","CALIFORNIA","06","SACRAMENTO VALLEY","50","YOLO","113","","","00000000","","PLUM-APRICOT HYBRIDS","PLUM-APRICOT HYBRIDS, INCL PLUMCOTS & PLUOTS - ACRES BEARING","TOTAL","NOT SPECIFIED","1","41.6"
"CENSUS","2022","YEAR","","COUNTY","CALIFORNIA","06","SACRAMENTO VALLEY","50","YUBA","115","","","00000000","","PLUM-APRICOT HYBRIDS","PLUM-APRICOT HYBRIDS, INCL PLUMCOTS & PLUOTS - ACRES BEARING","TOTAL","NOT SPECIFIED","38","41.6"
"CENSUS","2022","YEAR","","COUNTY","CALIFORNIA","06","SAN JOAQUIN VALLEY","51","FRESNO","019","","","00000000","","PLUM-APRICOT HYBRIDS","PLUM-APRICOT HYBRIDS, INCL PLUMCOTS & PLUOTS - ACRES BEARING","TOTAL","NOT SPECIFIED","2,608","41.6"
"CENSUS","2022","YEAR","","COUNTY","CALIFORNIA","06","SAN JOAQUIN VALLEY","51","KERN","029","","","00000000","","PLUM-APRICOT HYBRIDS","PLUM-APRICOT HYBRIDS, INCL PLUMCOTS & PLUOTS - ACRES BEARING","TOTAL","NOT SPECIFIED","1","41.6"
"CENSUS","2022","YEAR","","COUNTY","CALIFORNIA","06","SAN JOAQUIN VALLEY","51","KINGS","031","","","00000000","","PLUM-APRICOT HYBRIDS","PLUM-APRICOT HYBRIDS, INCL PLUMCOTS & PLUOTS - ACRES BEARING","TOTAL","NOT SPECIFIED"," (D)","(D)"
"CENSUS","2022","YEAR","","COUNTY","CALIFORNIA","06","SAN JOAQUIN VALLEY","51","MADERA","039","","","00000000","","PLUM-APRICOT HYBRIDS","PLUM-APRICOT HYBRIDS, INCL PLUMCOTS & PLUOTS - ACRES BEARING","TOTAL","NOT SPECIFIED"," (D)","(D)"
"CENSUS","2022","YEAR","","COUNTY","CALIFORNIA","06","SAN JOAQUIN VALLEY","51","MERCED","047","","","00000000","","PLUM-APRICOT HYBRIDS","PLUM-APRICOT HYBRIDS, INCL PLUMCOTS & PLUOTS - ACRES BEARING","TOTAL","NOT SPECIFIED","37","41.6"
"CENSUS","2022","YEAR","","COUNTY","CALIFORNIA","06","SAN JOAQUIN VALLEY","51","SAN JOAQUIN","077","","","00000000","","PLUM-APRICOT HYBRIDS","PLUM-APRICOT HYBRIDS, INCL PLUMCOTS & PLUOTS - ACRES BEARING","TOTAL","NOT SPECIFIED","27","41.6"
"CENSUS","2022","YEAR","","COUNTY","CALIFORNIA","06","SAN JOAQUIN VALLEY","51","STANISLAUS","099","","","00000000","","PLUM-APRICOT HYBRIDS","PLUM-APRICOT HYBRIDS, INCL PLUMCOTS & PLUOTS - ACRES BEARING","TOTAL","NOT SPECIFIED"," (D)","(D)"
"CENSUS","2022","YEAR","","COUNTY","CALIFORNIA","06","SAN JOAQUIN VALLEY","51","TULARE","107","","","00000000","","PLUM-APRICOT HYBRIDS","PLUM-APRICOT HYBRIDS, INCL PLUMCOTS & PLUOTS - ACRES BEARING","TOTAL","NOT SPECIFIED","164","41.6"
"CENSUS","2022","YEAR","","COUNTY","CALIFORNIA","06","SIERRA MOUNTAINS","60","EL DORADO","017","","","00000000","","PLUM-APRICOT HYBRIDS","PLUM-APRICOT HYBRIDS, INCL PLUMCOTS & PLUOTS - ACRES BEARING","TOTAL","NOT SPECIFIED","5","41.6"
"CENSUS","2022","YEAR","","COUNTY","CALIFORNIA","06","SIERRA MOUNTAINS","60","INYO","027","","","00000000","","PLUM-APRICOT HYBRIDS","PLUM-APRICOT HYBRIDS, INCL PLUMCOTS & PLUOTS - ACRES BEARING","TOTAL","NOT SPECIFIED"," (D)","(D)"
"CENSUS","2022","YEAR","","COUNTY","CALIFORNIA","06","SIERRA MOUNTAINS","60","NEVADA","057","","","00000000","","PLUM-APRICOT HYBRIDS","PLUM-APRICOT HYBRIDS, INCL PLUMCOTS & PLUOTS - ACRES BEARING","TOTAL","NOT SPECIFIED","4","41.6"
"CENSUS","2022","YEAR","","COUNTY","CALIFORNIA","06","SIERRA MOUNTAINS","60","PLACER","061","","","00000000","","PLUM-APRICOT HYBRIDS","PLUM-APRICOT HYBRIDS, INCL PLUMCOTS & PLUOTS - ACRES BEARING","TOTAL","NOT SPECIFIED","3","41.6"
"CENSUS","2022","YEAR","","COUNTY","CALIFORNIA","06","SISKIYOU-SHASTA","20","SHASTA","089","","","00000000","","PLUM-APRICOT HYBRIDS","PLUM-APRICOT HYBRIDS, INCL PLUMCOTS & PLUOTS - ACRES BEARING","TOTAL","NOT SPECIFIED","1","41.6"
"CENSUS","2022","YEAR","","COUNTY","CALIFORNIA","06","SISKIYOU-SHASTA","20","TRINITY","105","","","00000000","","PLUM-APRICOT HYBRIDS","PLUM-APRICOT HYBRIDS, INCL PLUMCOTS & PLUOTS - ACRES BEARING","TOTAL","NOT SPECIFIED"," (D)","(D)"
"CENSUS","2022","YEAR","","COUNTY","CALIFORNIA","06","SOUTHERN CALIFORNIA","80","LOS ANGELES","037","","","00000000","","PLUM-APRICOT HYBRIDS","PLUM-APRICOT HYBRIDS, INCL PLUMCOTS & PLUOTS - ACRES BEARING","TOTAL","NOT SPECIFIED","3","41.6"
"CENSUS","2022","YEAR","","COUNTY","CALIFORNIA","06","SOUTHERN CALIFORNIA","80","RIVERSIDE","065","","","00000000","","PLUM-APRICOT HYBRIDS","PLUM-APRICOT HYBRIDS, INCL PLUMCOTS & PLUOTS - ACRES BEARING","TOTAL","NOT SPECIFIED","1","41.6"
"CENSUS","2022","YEAR","","COUNTY","CALIFORNIA","06","SOUTHERN CALIFORNIA","80","SAN BERNARDINO","071","","","00000000","","PLUM-APRICOT HYBRIDS","PLUM-APRICOT HYBRIDS, INCL PLUMCOTS & PLUOTS - ACRES BEARING","TOTAL","NOT SPECIFIED"," (D)","(D)"
"CENSUS","2022","YEAR","","COUNTY","CALIFORNIA","06","SOUTHERN CALIFORNIA","80","SAN DIEGO","073","","","00000000","","PLUM-APRICOT HYBRIDS","PLUM-APRICOT HYBRIDS, INCL PLUMCOTS & PLUOTS - ACRES BEARING","TOTAL","NOT SPECIFIED","1","41.6"
"CENSUS","2022","YEAR","","COUNTY","CALIFORNIA","06","SOUTHERN CALIFORNIA","80","SANTA BARBARA","083","","","00000000","","PLUM-APRICOT HYBRIDS","PLUM-APRICOT HYBRIDS, INCL PLUMCOTS & PLUOTS - ACRES BEARING","TOTAL","NOT SPECIFIED"," (D)","(D)"
"CENSUS","2022","YEAR","","COUNTY","CALIFORNIA","06","SOUTHERN CALIFORNIA","80","VENTURA","111","","","00000000","","PLUM-APRICOT HYBRIDS","PLUM-APRICOT HYBRIDS, INCL PLUMCOTS & PLUOTS - ACRES BEARING","TOTAL","NOT SPECIFIED"," (D)","(D)"
"CENSUS","2022","YEAR","","COUNTY","COLORADO","08","SOUTHWEST","70","DELTA","029","","","00000000","","PLUM-APRICOT HYBRIDS","PLUM-APRICOT HYBRIDS, INCL PLUMCOTS & PLUOTS - ACRES BEARING","TOTAL","NOT SPECIFIED"," (D)","(D)"
"CENSUS","2022","YEAR","","COUNTY","COLORADO","08","SOUTHWEST","70","MESA","077","","","00000000","","PLUM-APRICOT HYBRIDS","PLUM-APRICOT HYBRIDS, INCL PLUMCOTS & PLUOTS - ACRES BEARING","TOTAL","NOT SPECIFIED"," (D)","(D)"
"CENSUS","2022","YEAR","","COUNTY","COLORADO","08","SOUTHWEST","70","MONTEZUMA","083","","","00000000","","PLUM-APRICOT HYBRIDS","PLUM-APRICOT HYBRIDS, INCL PLUMCOTS & PLUOTS - ACRES BEARING","TOTAL","NOT SPECIFIED"," (D)","(D)"
"CENSUS","2022","YEAR","","COUNTY","COLORADO","08","SOUTHWEST","70","MONTROSE","085","","","00000000","","PLUM-APRICOT HYBRIDS","PLUM-APRICOT HYBRIDS, INCL PLUMCOTS & PLUOTS - ACRES BEARING","TOTAL","NOT SPECIFIED"," (D)","(D)"
"CENSUS","2022","YEAR","","COUNTY","CONNECTICUT","09","ALL COUNTIES","10","HARTFORD","003","","","00000000","","PLUM-APRICOT HYBRIDS","PLUM-APRICOT HYBRIDS, INCL PLUMCOTS & PLUOTS - ACRES BEARING","TOTAL","NOT SPECIFIED"," (D)","(D)"
"CENSUS","2022","YEAR","","COUNTY","FLORIDA","12","NORTHEAST","30","COLUMBIA","023","","","00000000","","PLUM-APRICOT HYBRIDS","PLUM-APRICOT HYBRIDS, INCL PLUMCOTS & PLUOTS - ACRES BEARING","TOTAL","NOT SPECIFIED"," (D)","(D)"
"CENSUS","2022","YEAR","","COUNTY","FLORIDA","12","SOUTHERN","80","PALM BEACH","099","","","00000000","","PLUM-APRICOT HYBRIDS","PLUM-APRICOT HYBRIDS, INCL PLUMCOTS & PLUOTS - ACRES BEARING","TOTAL","NOT SPECIFIED"," (D)","(D)"
"CENSUS","2022","YEAR","","COUNTY","GEORGIA","13","NORTHWEST","10","FLOYD","115","","","00000000","","PLUM-APRICOT HYBRIDS","PLUM-APRICOT HYBRIDS, INCL PLUMCOTS & PLUOTS - ACRES BEARING","TOTAL","NOT SPECIFIED"," (D)","(D)"
"CENSUS","2022","YEAR","","COUNTY","GEORGIA","13","SOUTHWEST","70","MITCHELL","205","","","00000000","","PLUM-APRICOT HYBRIDS","PLUM-APRICOT HYBRIDS, INCL PLUMCOTS & PLUOTS - ACRES BEARING","TOTAL","NOT SPECIFIED"," (D)","(D)"
"CENSUS","2022","YEAR","","COUNTY","IDAHO","16","EAST","90","BINGHAM","011","","","00000000","","PLUM-APRICOT HYBRIDS","PLUM-APRICOT HYBRIDS, INCL PLUMCOTS & PLUOTS - ACRES BEARING","TOTAL","NOT SPECIFIED"," (D)","(D)"
"CENSUS","2022","YEAR","","COUNTY","IDAHO","16","EAST","90","BONNEVILLE","019","","","00000000","","PLUM-APRICOT HYBRIDS","PLUM-APRICOT HYBRIDS, INCL PLUMCOTS & PLUOTS - ACRES BEARING","TOTAL","NOT SPECIFIED"," (D)","(D)"
"CENSUS","2022","YEAR","","COUNTY","IDAHO","16","EAST","90","CARIBOU","029","","","00000000","","PLUM-APRICOT HYBRIDS","PLUM-APRICOT HYBRIDS, INCL PLUMCOTS & PLUOTS - ACRES BEARING","TOTAL","NOT SPECIFIED"," (D)","(D)"
"CENSUS","2022","YEAR","","COUNTY","IDAHO","16","EAST","90","LEMHI","059","","","00000000","","PLUM-APRICOT HYBRIDS","PLUM-APRICOT HYBRIDS, INCL PLUMCOTS & PLUOTS - ACRES BEARING","TOTAL","NOT SPECIFIED"," (D)","(D)"
"CENSUS","2022","YEAR","","COUNTY","IDAHO","16","NORTH","10","BONNER","017","","","00000000","","PLUM-APRICOT HYBRIDS","PLUM-APRICOT HYBRIDS, INCL PLUMCOTS & PLUOTS - ACRES BEARING","TOTAL","NOT SPECIFIED"," (D)","(D)"
"CENSUS","2022","YEAR","","COUNTY","IDAHO","16","NORTH","10","IDAHO","049","","","00000000","","PLUM-APRICOT HYBRIDS","PLUM-APRICOT HYBRIDS, INCL PLUMCOTS & PLUOTS - ACRES BEARING","TOTAL","NOT SPECIFIED"," (D)","(D)"
"CENSUS","2022","YEAR","","COUNTY","IDAHO","16","SOUTH CENTRAL","80","TWIN FALLS","083","","","00000000","","PLUM-APRICOT HYBRIDS","PLUM-APRICOT HYBRIDS, INCL PLUMCOTS & PLUOTS - ACRES BEARING","TOTAL","NOT SPECIFIED"," (D)","(D)"
"CENSUS","2022","YEAR","","COUNTY","IDAHO","16","SOUTHWEST","70","CANYON","027","","","00000000","","PLUM-APRICOT HYBRIDS","PLUM-APRICOT HYBRIDS, INCL PLUMCOTS & PLUOTS - ACRES BEARING","TOTAL","NOT SPECIFIED"," (D)","(D)"
"CENSUS","2022","YEAR","","COUNTY","IDAHO","16","SOUTHWEST","70","GEM","045","","","00000000","","PLUM-APRICOT HYBRIDS","PLUM-APRICOT HYBRIDS, INCL PLUMCOTS & PLUOTS - ACRES BEARING","TOTAL","NOT SPECIFIED"," (Z)","3.5"
"CENSUS","2022","YEAR","","COUNTY","IDAHO","16","SOUTHWEST","70","PAYETTE","075","","","00000000","","PLUM-APRICOT HYBRIDS","PLUM-APRICOT HYBRIDS, INCL PLUMCOTS & PLUOTS - ACRES BEARING","TOTAL","NOT SPECIFIED"," (D)","(D)"
"CENSUS","2022","YEAR","","COUNTY","IDAHO","16","SOUTHWEST","70","WASHINGTON","087","","","00000000","","PLUM-APRICOT HYBRIDS","PLUM-APRICOT HYBRIDS, INCL PLUMCOTS & PLUOTS - ACRES BEARING","TOTAL","NOT SPECIFIED"," (D)","(D)"
"CENSUS","2022","YEAR","","COUNTY","ILLINOIS","17","SOUTHWEST","80","UNION","181","","","00000000","","PLUM-APRICOT HYBRIDS","PLUM-APRICOT HYBRIDS, INCL PLUMCOTS & PLUOTS - ACRES BEARING","TOTAL","NOT SPECIFIED"," (D)","(D)"
"CENSUS","2022","YEAR","","COUNTY","KANSAS","20","EAST CENTRAL","80","MIAMI","121","","","00000000","","PLUM-APRICOT HYBRIDS","PLUM-APRICOT HYBRIDS, INCL PLUMCOTS & PLUOTS - ACRES BEARING","TOTAL","NOT SPECIFIED"," (D)","(D)"
"CENSUS","2022","YEAR","","COUNTY","LOUISIANA","22","EAST CENTRAL","60","SAINT TAMMANY","103","","","00000000","","PLUM-APRICOT HYBRIDS","PLUM-APRICOT HYBRIDS, INCL PLUMCOTS & PLUOTS - ACRES BEARING","TOTAL","NOT SPECIFIED","1","(L)"
"CENSUS","2022","YEAR","","COUNTY","LOUISIANA","22","NORTHEAST","30","WEST CARROLL","123","","","00000000","","PLUM-APRICOT HYBRIDS","PLUM-APRICOT HYBRIDS, INCL PLUMCOTS & PLUOTS - ACRES BEARING","TOTAL","NOT SPECIFIED"," (Z)","10.0"
"CENSUS","2022","YEAR","","COUNTY","MARYLAND","24","NORTH CENTRAL","20","FREDERICK","021","","","00000000","","PLUM-APRICOT HYBRIDS","PLUM-APRICOT HYBRIDS, INCL PLUMCOTS & PLUOTS - ACRES BEARING","TOTAL","NOT SPECIFIED"," (D)","(D)"
"CENSUS","2022","YEAR","","COUNTY","MARYLAND","24","NORTH CENTRAL","20","MONTGOMERY","031","","","00000000","","PLUM-APRICOT HYBRIDS","PLUM-APRICOT HYBRIDS, INCL PLUMCOTS & PLUOTS - ACRES BEARING","TOTAL","NOT SPECIFIED"," (D)","(D)"
"CENSUS","2022","YEAR","","COUNTY","MARYLAND","24","SOUTHERN","80","ST MARYS","037","","","00000000","","PLUM-APRICOT HYBRIDS","PLUM-APRICOT HYBRIDS, INCL PLUMCOTS & PLUOTS - ACRES BEARING","TOTAL","NOT SPECIFIED"," (D)","(D)"
"CENSUS","2022","YEAR","","COUNTY","MICHIGAN","26","SOUTHEAST","90","OAKLAND","125","","","00000000","","PLUM-APRICOT HYBRIDS","PLUM-APRICOT HYBRIDS, INCL PLUMCOTS & PLUOTS - ACRES BEARING","TOTAL","NOT SPECIFIED"," (Z)","(L)"
"CENSUS","2022","YEAR","","COUNTY","MICHIGAN","26","SOUTHWEST","70","BERRIEN","021","","","00000000","","PLUM-APRICOT HYBRIDS","PLUM-APRICOT HYBRIDS, INCL PLUMCOTS & PLUOTS - ACRES BEARING","TOTAL","NOT SPECIFIED","3","32.4"
"CENSUS","2022","YEAR","","COUNTY","NEVADA","32","SOUTH","80","CLARK","003","","","00000000","","PLUM-APRICOT HYBRIDS","PLUM-APRICOT HYBRIDS, INCL PLUMCOTS & PLUOTS - ACRES BEARING","TOTAL","NOT SPECIFIED"," (D)","(D)"
"CENSUS","2022","YEAR","","COUNTY","NEVADA","32","SOUTH","80","NYE","023","","","00000000","","PLUM-APRICOT HYBRIDS","PLUM-APRICOT HYBRIDS, INCL PLUMCOTS & PLUOTS - ACRES BEARING","TOTAL","NOT SPECIFIED"," (Z)","0.4"
"CENSUS","2022","YEAR","","COUNTY","NEW HAMPSHIRE","33","ALL COUNTIES","10","MERRIMACK","013","","","00000000","","PLUM-APRICOT HYBRIDS","PLUM-APRICOT HYBRIDS, INCL PLUMCOTS & PLUOTS - ACRES BEARING","TOTAL","NOT SPECIFIED"," (D)","(D)"
"CENSUS","2022","YEAR","","COUNTY","NEW JERSEY","34","NORTH","20","MORRIS","027","","","00000000","","PLUM-APRICOT HYBRIDS","PLUM-APRICOT HYBRIDS, INCL PLUMCOTS & PLUOTS - ACRES BEARING","TOTAL","NOT SPECIFIED"," (D)","(D)"
"CENSUS","2022","YEAR","","COUNTY","NEW MEXICO","35","NORTHWEST","10","BERNALILLO","001","","","00000000","","PLUM-APRICOT HYBRIDS","PLUM-APRICOT HYBRIDS, INCL PLUMCOTS & PLUOTS - ACRES BEARING","TOTAL","NOT SPECIFIED"," (D)","(D)"
"CENSUS","2022","YEAR","","COUNTY","NEW MEXICO","35","NORTHWEST","10","SANDOVAL","043","","","00000000","","PLUM-APRICOT HYBRIDS","PLUM-APRICOT HYBRIDS, INCL PLUMCOTS & PLUOTS - ACRES BEARING","TOTAL","NOT SPECIFIED"," (D)","(D)"
"CENSUS","2022","YEAR","","COUNTY","NEW MEXICO","35","SOUTHEAST","90","DONA ANA","013","","","00000000","","PLUM-APRICOT HYBRIDS","PLUM-APRICOT HYBRIDS, INCL PLUMCOTS & PLUOTS - ACRES BEARING","TOTAL","NOT SPECIFIED"," (D)","(D)"
"CENSUS","2022","YEAR","","COUNTY","NEW YORK","36","CENTRAL","50","ONONDAGA","067","","","00000000","","PLUM-APRICOT HYBRIDS","PLUM-APRICOT HYBRIDS, INCL PLUMCOTS & PLUOTS - ACRES BEARING","TOTAL","NOT SPECIFIED"," (D)","(D)"
"CENSUS","2022","YEAR","","COUNTY","NEW YORK","36","SOUTHEAST","90","COLUMBIA","021","","","00000000","","PLUM-APRICOT HYBRIDS","PLUM-APRICOT HYBRIDS, INCL PLUMCOTS & PLUOTS - ACRES BEARING","TOTAL","NOT SPECIFIED"," (D)","(D)"
"CENSUS","2022","YEAR","","COUNTY","NEW YORK","36","SOUTHEAST","90","DUTCHESS","027","","","00000000","","PLUM-APRICOT HYBRIDS","PLUM-APRICOT HYBRIDS, INCL PLUMCOTS & PLUOTS - ACRES BEARING","TOTAL","NOT SPECIFIED"," (D)","(D)"
"CENSUS","2022","YEAR","","COUNTY","NEW YORK","36","SOUTHERN","80","SCHUYLER","097","","","00000000","","PLUM-APRICOT HYBRIDS","PLUM-APRICOT HYBRIDS, INCL PLUMCOTS & PLUOTS - ACRES BEARING","TOTAL","NOT SPECIFIED"," (Z)","26.3"
"CENSUS","2022","YEAR","","COUNTY","NEW YORK","36","SOUTHERN","80","TOMPKINS","109","","","00000000","","PLUM-APRICOT HYBRIDS","PLUM-APRICOT HYBRIDS, INCL PLUMCOTS & PLUOTS - ACRES BEARING","TOTAL","NOT SPECIFIED"," (D)","(D)"
"CENSUS","2022","YEAR","","COUNTY","OHIO","39","NORTH CENTRAL","20","OTTAWA","123","","","00000000","","PLUM-APRICOT HYBRIDS","PLUM-APRICOT HYBRIDS, INCL PLUMCOTS & PLUOTS - ACRES BEARING","TOTAL","NOT SPECIFIED"," (D)","(D)"
"CENSUS","2022","YEAR","","COUNTY","OHIO","39","NORTHEAST","30","MEDINA","103","","","00000000","","PLUM-APRICOT HYBRIDS","PLUM-APRICOT HYBRIDS, INCL PLUMCOTS & PLUOTS - ACRES BEARING","TOTAL","NOT SPECIFIED"," (D)","(D)"
"CENSUS","2022","YEAR","","COUNTY","OKLAHOMA","40","CENTRAL","50","CREEK","037","","","00000000","","PLUM-APRICOT HYBRIDS","PLUM-APRICOT HYBRIDS, INCL PLUMCOTS & PLUOTS - ACRES BEARING","TOTAL","NOT SPECIFIED"," (D)","(D)"
"CENSUS","2022","YEAR","","COUNTY","OKLAHOMA","40","NORTHEAST","70","CRAIG","035","","","00000000","","PLUM-APRICOT HYBRIDS","PLUM-APRICOT HYBRIDS, INCL PLUMCOTS & PLUOTS - ACRES BEARING","TOTAL","NOT SPECIFIED"," (D)","(D)"
"CENSUS","2022","YEAR","","COUNTY","OKLAHOMA","40","SOUTH CENTRAL","60","BRYAN","013","","","00000000","","PLUM-APRICOT HYBRIDS","PLUM-APRICOT HYBRIDS, INCL PLUMCOTS & PLUOTS - ACRES BEARING","TOTAL","NOT SPECIFIED","1","7.4"
"CENSUS","2022","YEAR","","COUNTY","OKLAHOMA","40","SOUTH CENTRAL","60","PONTOTOC","123","","","00000000","","PLUM-APRICOT HYBRIDS","PLUM-APRICOT HYBRIDS, INCL PLUMCOTS & PLUOTS - ACRES BEARING","TOTAL","NOT SPECIFIED"," (D)","(D)"
"CENSUS","2022","YEAR","","COUNTY","OKLAHOMA","40","SOUTHEAST","90","LEFLORE","079","","","00000000","","PLUM-APRICOT HYBRIDS","PLUM-APRICOT HYBRIDS, INCL PLUMCOTS & PLUOTS - ACRES BEARING","TOTAL","NOT SPECIFIED"," (D)","(D)"
"CENSUS","2022","YEAR","","COUNTY","OKLAHOMA","40","SOUTHEAST","90","PUSHMATAHA","127","","","00000000","","PLUM-APRICOT HYBRIDS","PLUM-APRICOT HYBRIDS, INCL PLUMCOTS & PLUOTS - ACRES BEARING","TOTAL","NOT SPECIFIED"," (D)","(D)"
"CENSUS","2022","YEAR","","COUNTY","OREGON","41","NORTH CENTRAL","20","HOOD RIVER","027","","","00000000","","PLUM-APRICOT HYBRIDS","PLUM-APRICOT HYBRIDS, INCL PLUMCOTS & PLUOTS - ACRES BEARING","TOTAL","NOT SPECIFIED"," (D)","(D)"
"CENSUS","2022","YEAR","","COUNTY","OREGON","41","NORTHEAST","30","BAKER","001","","","00000000","","PLUM-APRICOT HYBRIDS","PLUM-APRICOT HYBRIDS, INCL PLUMCOTS & PLUOTS - ACRES BEARING","TOTAL","NOT SPECIFIED"," (D)","(D)"
"CENSUS","2022","YEAR","","COUNTY","OREGON","41","NORTHEAST","30","UMATILLA","059","","","00000000","","PLUM-APRICOT HYBRIDS","PLUM-APRICOT HYBRIDS, INCL PLUMCOTS & PLUOTS - ACRES BEARING","TOTAL","NOT SPECIFIED"," (D)","(D)"
"CENSUS","2022","YEAR","","COUNTY","OREGON","41","NORTHWEST","10","CLACKAMAS","005","","","00000000","","PLUM-APRICOT HYBRIDS","PLUM-APRICOT HYBRIDS, INCL PLUMCOTS & PLUOTS - ACRES BEARING","TOTAL","NOT SPECIFIED","1","(H)"
"CENSUS","2022","YEAR","","COUNTY","OREGON","41","NORTHWEST","10","LINN","043","","","00000000","","PLUM-APRICOT HYBRIDS","PLUM-APRICOT HYBRIDS, INCL PLUMCOTS & PLUOTS - ACRES BEARING","TOTAL","NOT SPECIFIED"," (D)","(D)"
"CENSUS","2022","YEAR","","COUNTY","OREGON","41","NORTHWEST","10","WASHINGTON","067","","","00000000","","PLUM-APRICOT HYBRIDS","PLUM-APRICOT HYBRIDS, INCL PLUMCOTS & PLUOTS - ACRES BEARING","TOTAL","NOT SPECIFIED"," (D)","(D)"
"CENSUS","2022","YEAR","","COUNTY","OREGON","41","SOUTHWEST","70","JOSEPHINE","033","","","00000000","","PLUM-APRICOT HYBRIDS","PLUM-APRICOT HYBRIDS, INCL PLUMCOTS & PLUOTS - ACRES BEARING","TOTAL","NOT SPECIFIED"," (D)","(D)"
"CENSUS","2022","YEAR","","COUNTY","PENNSYLVANIA","42","CENTRAL","50","DAUPHIN","043","","","00000000","","PLUM-APRICOT HYBRIDS","PLUM-APRICOT HYBRIDS, INCL PLUMCOTS & PLUOTS - ACRES BEARING","TOTAL","NOT SPECIFIED"," (D)","(D)"
"CENSUS","2022","YEAR","","COUNTY","PENNSYLVANIA","42","CENTRAL","50","NORTHUMBERLAND","097","","","00000000","","PLUM-APRICOT HYBRIDS","PLUM-APRICOT HYBRIDS, INCL PLUMCOTS & PLUOTS - ACRES BEARING","TOTAL","NOT SPECIFIED","3","81.5"
"CENSUS","2022","YEAR","","COUNTY","PENNSYLVANIA","42","SOUTH CENTRAL","80","ADAMS","001","","","00000000","","PLUM-APRICOT HYBRIDS","PLUM-APRICOT HYBRIDS, INCL PLUMCOTS & PLUOTS - ACRES BEARING","TOTAL","NOT SPECIFIED"," (D)","(D)"
"CENSUS","2022","YEAR","","COUNTY","PENNSYLVANIA","42","SOUTH CENTRAL","80","YORK","133","","","00000000","","PLUM-APRICOT HYBRIDS","PLUM-APRICOT HYBRIDS, INCL PLUMCOTS & PLUOTS - ACRES BEARING","TOTAL","NOT SPECIFIED","1","81.5"
"CENSUS","2022","YEAR","","COUNTY","PENNSYLVANIA","42","SOUTHEASTERN","90","BUCKS","017","","","00000000","","PLUM-APRICOT HYBRIDS","PLUM-APRICOT HYBRIDS, INCL PLUMCOTS & PLUOTS - ACRES BEARING","TOTAL","NOT SPECIFIED"," (Z)","(L)"
"CENSUS","2022","YEAR","","COUNTY","PENNSYLVANIA","42","SOUTHEASTERN","90","CHESTER","029","","","00000000","","PLUM-APRICOT HYBRIDS","PLUM-APRICOT HYBRIDS, INCL PLUMCOTS & PLUOTS - ACRES BEARING","TOTAL","NOT SPECIFIED"," (D)","(D)"
"CENSUS","2022","YEAR","","COUNTY","PENNSYLVANIA","42","SOUTHEASTERN","90","LANCASTER","071","","","00000000","","PLUM-APRICOT HYBRIDS","PLUM-APRICOT HYBRIDS, INCL PLUMCOTS & PLUOTS - ACRES BEARING","TOTAL","NOT SPECIFIED"," (D)","(D)"
"CENSUS","2022","YEAR","","COUNTY","PENNSYLVANIA","42","SOUTHWESTERN","70","WESTMORELAND","129","","","00000000","","PLUM-APRICOT HYBRIDS","PLUM-APRICOT HYBRIDS, INCL PLUMCOTS & PLUOTS - ACRES BEARING","TOTAL","NOT SPECIFIED"," (D)","(D)"
"CENSUS","2022","YEAR","","COUNTY","TENNESSEE","47","EAST TENNESSEE","60","HANCOCK","067","","","00000000","","PLUM-APRICOT HYBRIDS","PLUM-APRICOT HYBRIDS, INCL PLUMCOTS & PLUOTS - ACRES BEARING","TOTAL","NOT SPECIFIED"," (D)","(D)"
"CENSUS","2022","YEAR","","COUNTY","TENNESSEE","47","EAST TENNESSEE","60","WASHINGTON","179","","","00000000","","PLUM-APRICOT HYBRIDS","PLUM-APRICOT HYBRIDS, INCL PLUMCOTS & PLUOTS - ACRES BEARING","TOTAL","NOT SPECIFIED"," (D)","(D)"
"CENSUS","2022","YEAR","","COUNTY","TEXAS","48","BLACKLANDS","40","BELL","027","","","00000000","","PLUM-APRICOT HYBRIDS","PLUM-APRICOT HYBRIDS, INCL PLUMCOTS & PLUOTS - ACRES BEARING","TOTAL","NOT SPECIFIED"," (D)","(D)"
"CENSUS","2022","YEAR","","COUNTY","TEXAS","48","BLACKLANDS","40","HUNT","231","","","00000000","","PLUM-APRICOT HYBRIDS","PLUM-APRICOT HYBRIDS, INCL PLUMCOTS & PLUOTS - ACRES BEARING","TOTAL","NOT SPECIFIED"," (D)","(D)"
"CENSUS","2022","YEAR","","COUNTY","TEXAS","48","BLACKLANDS","40","KAUFMAN","257","","","00000000","","PLUM-APRICOT HYBRIDS","PLUM-APRICOT HYBRIDS, INCL PLUMCOTS & PLUOTS - ACRES BEARING","TOTAL","NOT SPECIFIED"," (D)","(D)"
"CENSUS","2022","YEAR","","COUNTY","TEXAS","48","BLACKLANDS","40","WILLIAMSON","491","","","00000000","","PLUM-APRICOT HYBRIDS","PLUM-APRICOT HYBRIDS, INCL PLUMCOTS & PLUOTS - ACRES BEARING","TOTAL","NOT SPECIFIED"," (D)","(D)"
"CENSUS","2022","YEAR","","COUNTY","TEXAS","48","CROSS TIMBERS","30","HOOD","221","","","00000000","","PLUM-APRICOT HYBRIDS","PLUM-APRICOT HYBRIDS, INCL PLUMCOTS & PLUOTS - ACRES BEARING","TOTAL","NOT SPECIFIED"," (D)","(D)"
"CENSUS","2022","YEAR","","COUNTY","TEXAS","48","CROSS TIMBERS","30","PARKER","367","","","00000000","","PLUM-APRICOT HYBRIDS","PLUM-APRICOT HYBRIDS, INCL PLUMCOTS & PLUOTS - ACRES BEARING","TOTAL","NOT SPECIFIED","4","45.9"
"CENSUS","2022","YEAR","","COUNTY","TEXAS","48","EAST TEXAS NORTH","51","HENDERSON","213","","","00000000","","PLUM-APRICOT HYBRIDS","PLUM-APRICOT HYBRIDS, INCL PLUMCOTS & PLUOTS - ACRES BEARING","TOTAL","NOT SPECIFIED","1","45.9"
"CENSUS","2022","YEAR","","COUNTY","TEXAS","48","EAST TEXAS NORTH","51","RUSK","401","","","00000000","","PLUM-APRICOT HYBRIDS","PLUM-APRICOT HYBRIDS, INCL PLUMCOTS & PLUOTS - ACRES BEARING","TOTAL","NOT SPECIFIED"," (D)","(D)"
"CENSUS","2022","YEAR","","COUNTY","TEXAS","48","EAST TEXAS NORTH","51","WOOD","499","","","00000000","","PLUM-APRICOT HYBRIDS","PLUM-APRICOT HYBRIDS, INCL PLUMCOTS & PLUOTS - ACRES BEARING","TOTAL","NOT SPECIFIED"," (D)","(D)"
"CENSUS","2022","YEAR","","COUNTY","TEXAS","48","SOUTH CENTRAL","81","CALDWELL","055","","","00000000","","PLUM-APRICOT HYBRIDS","PLUM-APRICOT HYBRIDS, INCL PLUMCOTS & PLUOTS - ACRES BEARING","TOTAL","NOT SPECIFIED"," (D)","(D)"
"CENSUS","2022","YEAR","","COUNTY","TEXAS","48","SOUTHERN HIGH PLAINS","12","HOCKLEY","219","","","00000000","","PLUM-APRICOT HYBRIDS","PLUM-APRICOT HYBRIDS, INCL PLUMCOTS & PLUOTS - ACRES BEARING","TOTAL","NOT SPECIFIED"," (D)","(D)"
"CENSUS","2022","YEAR","","COUNTY","TEXAS","48","SOUTHERN LOW PLAINS","22","COLEMAN","083","","","00000000","","PLUM-APRICOT HYBRIDS","PLUM-APRICOT HYBRIDS, INCL PLUMCOTS & PLUOTS - ACRES BEARING","TOTAL","NOT SPECIFIED"," (D)","(D)"
"CENSUS","2022","YEAR","","COUNTY","UTAH","49","CENTRAL","50","JUAB","023","","","00000000","","PLUM-APRICOT HYBRIDS","PLUM-APRICOT HYBRIDS, INCL PLUMCOTS & PLUOTS - ACRES BEARING","TOTAL","NOT SPECIFIED"," (D)","(D)"
"CENSUS","2022","YEAR","","COUNTY","UTAH","49","CENTRAL","50","UTAH","049","","","00000000","","PLUM-APRICOT HYBRIDS","PLUM-APRICOT HYBRIDS, INCL PLUMCOTS & PLUOTS - ACRES BEARING","TOTAL","NOT SPECIFIED"," (D)","(D)"
"CENSUS","2022","YEAR","","COUNTY","UTAH","49","NORTHERN","10","BOX ELDER","003","","","00000000","","PLUM-APRICOT HYBRIDS","PLUM-APRICOT HYBRIDS, INCL PLUMCOTS & PLUOTS - ACRES BEARING","TOTAL","NOT SPECIFIED"," (D)","(D)"
"CENSUS","2022","YEAR","","COUNTY","UTAH","49","NORTHERN","10","CACHE","005","","","00000000","","PLUM-APRICOT HYBRIDS","PLUM-APRICOT HYBRIDS, INCL PLUMCOTS & PLUOTS - ACRES BEARING","TOTAL","NOT SPECIFIED"," (D)","(D)"
"CENSUS","2022","YEAR","","COUNTY","VERMONT","50","ALL COUNTIES","10","FRANKLIN","011","","","00000000","","PLUM-APRICOT HYBRIDS","PLUM-APRICOT HYBRIDS, INCL PLUMCOTS & PLUOTS - ACRES BEARING","TOTAL","NOT SPECIFIED"," (D)","(D)"
"CENSUS","2022","YEAR","","COUNTY","VIRGINIA","51","NORTHERN","20","LOUDOUN","107","","","00000000","","PLUM-APRICOT HYBRIDS","PLUM-APRICOT HYBRIDS, INCL PLUMCOTS & PLUOTS - ACRES BEARING","TOTAL","NOT SPECIFIED"," (D)","(D)"
"CENSUS","2022","YEAR","","COUNTY","VIRGINIA","51","SOUTHEASTERN","90","SUFFOLK CITY","800","","","00000000","","PLUM-APRICOT HYBRIDS","PLUM-APRICOT HYBRIDS, INCL PLUMCOTS & PLUOTS - ACRES BEARING","TOTAL","NOT SPECIFIED"," (D)","(D)"
"CENSUS","2022","YEAR","","COUNTY","VIRGINIA","51","SOUTHWESTERN","70","FLOYD","063","","","00000000","","PLUM-APRICOT HYBRIDS","PLUM-APRICOT HYBRIDS, INCL PLUMCOTS & PLUOTS - ACRES BEARING","TOTAL","NOT SPECIFIED"," (D)","(D)"
"CENSUS","2022","YEAR","","COUNTY","WASHINGTON","53","CENTRAL","20","BENTON","005","","","00000000","","PLUM-APRICOT HYBRIDS","PLUM-APRICOT HYBRIDS, INCL PLUMCOTS & PLUOTS - ACRES BEARING","TOTAL","NOT SPECIFIED"," (D)","(D)"
"CENSUS","2022","YEAR","","COUNTY","WASHINGTON","53","CENTRAL","20","CHELAN","007","","","00000000","","PLUM-APRICOT HYBRIDS","PLUM-APRICOT HYBRIDS, INCL PLUMCOTS & PLUOTS - ACRES BEARING","TOTAL","NOT SPECIFIED"," (D)","(D)"
"CENSUS","2022","YEAR","","COUNTY","WASHINGTON","53","CENTRAL","20","OKANOGAN","047","","","00000000","","PLUM-APRICOT HYBRIDS","PLUM-APRICOT HYBRIDS, INCL PLUMCOTS & PLUOTS - ACRES BEARING","TOTAL","NOT SPECIFIED","15","99.1"
"CENSUS","2022","YEAR","","COUNTY","WASHINGTON","53","CENTRAL","20","YAKIMA","077","","","00000000","","PLUM-APRICOT HYBRIDS","PLUM-APRICOT HYBRIDS, INCL PLUMCOTS & PLUOTS - ACRES BEARING","TOTAL","NOT SPECIFIED"," (D)","(D)"
"CENSUS","2022","YEAR","","COUNTY","WASHINGTON","53","EAST CENTRAL","50","DOUGLAS","017","","","00000000","","PLUM-APRICOT HYBRIDS","PLUM-APRICOT HYBRIDS, INCL PLUMCOTS & PLUOTS - ACRES BEARING","TOTAL","NOT SPECIFIED"," (D)","(D)"
"CENSUS","2022","YEAR","","COUNTY","WASHINGTON","53","EAST CENTRAL","50","FRANKLIN","021","","","00000000","","PLUM-APRICOT HYBRIDS","PLUM-APRICOT HYBRIDS, INCL PLUMCOTS & PLUOTS - ACRES BEARING","TOTAL","NOT SPECIFIED","1","99.1"
"CENSUS","2022","YEAR","","COUNTY","WASHINGTON","53","SOUTHEAST","90","WALLA WALLA","071","","","00000000","","PLUM-APRICOT HYBRIDS","PLUM-APRICOT HYBRIDS, INCL PLUMCOTS & PLUOTS - ACRES BEARING","TOTAL","NOT SPECIFIED"," (D)","(D)"
"CENSUS","2022","YEAR","","COUNTY","WASHINGTON","53","WESTERN","10","CLARK","011","","","00000000","","PLUM-APRICOT HYBRIDS","PLUM-APRICOT HYBRIDS, INCL PLUMCOTS & PLUOTS - ACRES BEARING","TOTAL","NOT SPECIFIED"," (D)","(D)"
"CENSUS","2022","YEAR","","COUNTY","WASHINGTON","53","WESTERN","10","ISLAND","029","","","00000000","","PLUM-APRICOT HYBRIDS","PLUM-APRICOT HYBRIDS, INCL PLUMCOTS & PLUOTS - ACRES BEARING","TOTAL","NOT SPECIFIED"," (D)","(D)"
"CENSUS","2022","YEAR","","COUNTY","WASHINGTON","53","WESTERN","10","KING","033","","","00000000","","PLUM-APRICOT HYBRIDS","PLUM-APRICOT HYBRIDS, INCL PLUMCOTS & PLUOTS - ACRES BEARING","TOTAL","NOT SPECIFIED"," (D)","(D)"
"CENSUS","2022","YEAR","","COUNTY","WASHINGTON","53","WESTERN","10","MASON","045","","","00000000","","PLUM-APRICOT HYBRIDS","PLUM-APRICOT HYBRIDS, INCL PLUMCOTS & PLUOTS - ACRES BEARING","TOTAL","NOT SPECIFIED"," (D)","(D)"
"CENSUS","2022","YEAR","","COUNTY","WASHINGTON","53","WESTERN","10","PIERCE","053","","","00000000","","PLUM-APRICOT HYBRIDS","PLUM-APRICOT HYBRIDS, INCL PLUMCOTS & PLUOTS - ACRES BEARING","TOTAL","NOT SPECIFIED"," (Z)","99.1"
"CENSUS","2022","YEAR","","COUNTY","WASHINGTON","53","WESTERN","10","THURSTON","067","","","00000000","","PLUM-APRICOT HYBRIDS","PLUM-APRICOT HYBRIDS, INCL PLUMCOTS & PLUOTS - ACRES BEARING","TOTAL","NOT SPECIFIED"," (D)","(D)"
"CENSUS","2022","YEAR","","COUNTY","WEST VIRGINIA","54","NORTHWEST","20","BARBOUR","001","","","00000000","","PLUM-APRICOT HYBRIDS","PLUM-APRICOT HYBRIDS, INCL PLUMCOTS & PLUOTS - ACRES BEARING","TOTAL","NOT SPECIFIED"," (D)","(D)"
"CENSUS","2022","YEAR","","NATIONAL","US TOTAL","","","","","","","","00000000","","PLUM-APRICOT HYBRIDS","PLUM-APRICOT HYBRIDS, INCL PLUMCOTS & PLUOTS - ACRES BEARING","TOTAL","NOT SPECIFIED","3,291","24.9"
"CENSUS","2022","YEAR","","STATE","ALABAMA","01","","","","","","","00000000","","PLUM-APRICOT HYBRIDS","PLUM-APRICOT HYBRIDS, INCL PLUMCOTS & PLUOTS - ACRES BEARING","TOTAL","NOT SPECIFIED"," (D)","(D)"
"CENSUS","2022","YEAR","","STATE","ARIZONA","04","","","","","","","00000000","","PLUM-APRICOT HYBRIDS","PLUM-APRICOT HYBRIDS, INCL PLUMCOTS & PLUOTS - ACRES BEARING","TOTAL","NOT SPECIFIED","2","40.5"
"CENSUS","2022","YEAR","","STATE","CALIFORNIA","06","","","","","","","00000000","","PLUM-APRICOT HYBRIDS","PLUM-APRICOT HYBRIDS, INCL PLUMCOTS & PLUOTS - ACRES BEARING","TOTAL","NOT SPECIFIED","3,157","24.9"
"CENSUS","2022","YEAR","","STATE","COLORADO","08","","","","","","","00000000","","PLUM-APRICOT HYBRIDS","PLUM-APRICOT HYBRIDS, INCL PLUMCOTS & PLUOTS - ACRES BEARING","TOTAL","NOT SPECIFIED","6","16.6"
"CENSUS","2022","YEAR","","STATE","CONNECTICUT","09","","","","","","","00000000","","PLUM-APRICOT HYBRIDS","PLUM-APRICOT HYBRIDS, INCL PLUMCOTS & PLUOTS - ACRES BEARING","TOTAL","NOT SPECIFIED"," (D)","(D)"
"CENSUS","2022","YEAR","","STATE","FLORIDA","12","","","","","","","00000000","","PLUM-APRICOT HYBRIDS","PLUM-APRICOT HYBRIDS, INCL PLUMCOTS & PLUOTS - ACRES BEARING","TOTAL","NOT SPECIFIED","2","10.0"
"CENSUS","2022","YEAR","","STATE","GEORGIA","13","","","","","","","00000000","","PLUM-APRICOT HYBRIDS","PLUM-APRICOT HYBRIDS, INCL PLUMCOTS & PLUOTS - ACRES BEARING","TOTAL","NOT SPECIFIED"," (Z)","(H)"
"CENSUS","2022","YEAR","","STATE","IDAHO","16","","","","","","","00000000","","PLUM-APRICOT HYBRIDS","PLUM-APRICOT HYBRIDS, INCL PLUMCOTS & PLUOTS - ACRES BEARING","TOTAL","NOT SPECIFIED"," (D)","(D)"
"CENSUS","2022","YEAR","","STATE","ILLINOIS","17","","","","","","","00000000","","PLUM-APRICOT HYBRIDS","PLUM-APRICOT HYBRIDS, INCL PLUMCOTS & PLUOTS - ACRES BEARING","TOTAL","NOT SPECIFIED"," (D)","(D)"
"CENSUS","2022","YEAR","","STATE","KANSAS","20","","","","","","","00000000","","PLUM-APRICOT HYBRIDS","PLUM-APRICOT HYBRIDS, INCL PLUMCOTS & PLUOTS - ACRES BEARING","TOTAL","NOT SPECIFIED"," (D)","(D)"
"CENSUS","2022","YEAR","","STATE","LOUISIANA","22","","","","","","","00000000","","PLUM-APRICOT HYBRIDS","PLUM-APRICOT HYBRIDS, INCL PLUMCOTS & PLUOTS - ACRES BEARING","TOTAL","NOT SPECIFIED","1","25.0"
"CENSUS","2022","YEAR","","STATE","MARYLAND","24","","","","","","","00000000","","PLUM-APRICOT HYBRIDS","PLUM-APRICOT HYBRIDS, INCL PLUMCOTS & PLUOTS - ACRES BEARING","TOTAL","NOT SPECIFIED"," (D)","(D)"
"CENSUS","2022","YEAR","","STATE","MICHIGAN","26","","","","","","","00000000","","PLUM-APRICOT HYBRIDS","PLUM-APRICOT HYBRIDS, INCL PLUMCOTS & PLUOTS - ACRES BEARING","TOTAL","NOT SPECIFIED","3","29.3"
"CENSUS","2022","YEAR","","STATE","NEVADA","32","","","","","","","00000000","","PLUM-APRICOT HYBRIDS","PLUM-APRICOT HYBRIDS, INCL PLUMCOTS & PLUOTS - ACRES BEARING","TOTAL","NOT SPECIFIED"," (D)","(D)"
"CENSUS","2022","YEAR","","STATE","NEW HAMPSHIRE","33","","","","","","","00000000","","PLUM-APRICOT HYBRIDS","PLUM-APRICOT HYBRIDS, INCL PLUMCOTS & PLUOTS - ACRES BEARING","TOTAL","NOT SPECIFIED"," (D)","(D)"
"CENSUS","2022","YEAR","","STATE","NEW JERSEY","34","","","","","","","00000000","","PLUM-APRICOT HYBRIDS","PLUM-APRICOT HYBRIDS, INCL PLUMCOTS & PLUOTS - ACRES BEARING","TOTAL","NOT SPECIFIED"," (D)","(D)"
"CENSUS","2022","YEAR","","STATE","NEW MEXICO","35","","","","","","","00000000","","PLUM-APRICOT HYBRIDS","PLUM-APRICOT HYBRIDS, INCL PLUMCOTS & PLUOTS - ACRES BEARING","TOTAL","NOT SPECIFIED","2","5.6"
"CENSUS","2022","YEAR","","STATE","NEW YORK","36","","","","","","","00000000","","PLUM-APRICOT HYBRIDS","PLUM-APRICOT HYBRIDS, INCL PLUMCOTS & PLUOTS - ACRES BEARING","TOTAL","NOT SPECIFIED"," (D)","(D)"
"CENSUS","2022","YEAR","","STATE","OHIO","39","","","","","","","00000000","","PLUM-APRICOT HYBRIDS","PLUM-APRICOT HYBRIDS, INCL PLUMCOTS & PLUOTS - ACRES BEARING","TOTAL","NOT SPECIFIED","2","19.0"
"CENSUS","2022","YEAR","","STATE","OKLAHOMA","40","","","","","","","00000000","","PLUM-APRICOT HYBRIDS","PLUM-APRICOT HYBRIDS, INCL PLUMCOTS & PLUOTS - ACRES BEARING","TOTAL","NOT SPECIFIED","6","30.9"
"CENSUS","2022","YEAR","","STATE","OREGON","41","","","","","","","00000000","","PLUM-APRICOT HYBRIDS","PLUM-APRICOT HYBRIDS, INCL PLUMCOTS & PLUOTS - ACRES BEARING","TOTAL","NOT SPECIFIED","10","84.2"
"CENSUS","2022","YEAR","","STATE","PENNSYLVANIA","42","","","","","","","00000000","","PLUM-APRICOT HYBRIDS","PLUM-APRICOT HYBRIDS, INCL PLUMCOTS & PLUOTS - ACRES BEARING","TOTAL","NOT SPECIFIED"," (D)","(D)"
"CENSUS","2022","YEAR","","STATE","TENNESSEE","47","","","","","","","00000000","","PLUM-APRICOT HYBRIDS","PLUM-APRICOT HYBRIDS, INCL PLUMCOTS & PLUOTS - ACRES BEARING","TOTAL","NOT SPECIFIED"," (D)","(D)"
"CENSUS","2022","YEAR","","STATE","TEXAS","48","","","","","","","00000000","","PLUM-APRICOT HYBRIDS","PLUM-APRICOT HYBRIDS, INCL PLUMCOTS & PLUOTS - ACRES BEARING","TOTAL","NOT SPECIFIED","10","25.2"
"CENSUS","2022","YEAR","","STATE","UTAH","49","","","","","","","00000000","","PLUM-APRICOT HYBRIDS","PLUM-APRICOT HYBRIDS, INCL PLUMCOTS & PLUOTS - ACRES BEARING","TOTAL","NOT SPECIFIED"," (D)","(D)"
"CENSUS","2022","YEAR","","STATE","VERMONT","50","","","","","","","00000000","","PLUM-APRICOT HYBRIDS","PLUM-APRICOT HYBRIDS, INCL PLUMCOTS & PLUOTS - ACRES BEARING","TOTAL","NOT SPECIFIED"," (D)","(D)"
"CENSUS","2022","YEAR","","STATE","VIRGINIA","51","","","","","","","00000000","","PLUM-APRICOT HYBRIDS","PLUM-APRICOT HYBRIDS, INCL PLUMCOTS & PLUOTS - ACRES BEARING","TOTAL","NOT SPECIFIED","2","(H)"
"CENSUS","2022","YEAR","","STATE","WASHINGTON","53","","","","","","","00000000","","PLUM-APRICOT HYBRIDS","PLUM-APRICOT HYBRIDS, INCL PLUMCOTS & PLUOTS - ACRES BEARING","TOTAL","NOT SPECIFIED","60","69.9"
"CENSUS","2022","YEAR","","STATE","WEST VIRGINIA","54","","","","","","","00000000","","PLUM-APRICOT HYBRIDS","PLUM-APRICOT HYBRIDS, INCL PLUMCOTS & PLUOTS - ACRES BEARING","TOTAL","NOT SPECIFIED"," (D)","(D)"
"CENSUS","2017","YEAR","","COUNTY","ALABAMA","01","UPPER PLAINS & PIEDMONT","30","CHILTON","021","","","00000000","","PLUM-APRICOT HYBRIDS","PLUM-APRICOT HYBRIDS, INCL PLUMCOTS & PLUOTS - ACRES BEARING","TOTAL","NOT SPECIFIED"," (D)","(D)"
"CENSUS","2017","YEAR","","COUNTY","ARIZONA","04","NORTHERN","10","YAVAPAI","025","","","00000000","","PLUM-APRICOT HYBRIDS","PLUM-APRICOT HYBRIDS, INCL PLUMCOTS & PLUOTS - ACRES BEARING","TOTAL","NOT SPECIFIED"," (D)","(D)"
"CENSUS","2017","YEAR","","COUNTY","CALIFORNIA","06","CENTRAL COAST","40","CONTRA COSTA","013","","","00000000","","PLUM-APRICOT HYBRIDS","PLUM-APRICOT HYBRIDS, INCL PLUMCOTS & PLUOTS - ACRES BEARING","TOTAL","NOT SPECIFIED"," (D)","(D)"
"CENSUS","2017","YEAR","","COUNTY","CALIFORNIA","06","CENTRAL COAST","40","MONTEREY","053","","","00000000","","PLUM-APRICOT HYBRIDS","PLUM-APRICOT HYBRIDS, INCL PLUMCOTS & PLUOTS - ACRES BEARING","TOTAL","NOT SPECIFIED"," (D)","(D)"
"CENSUS","2017","YEAR","","COUNTY","CALIFORNIA","06","CENTRAL COAST","40","NAPA","055","","","00000000","","PLUM-APRICOT HYBRIDS","PLUM-APRICOT HYBRIDS, INCL PLUMCOTS & PLUOTS - ACRES BEARING","TOTAL","NOT SPECIFIED","1","47.6"
"CENSUS","2017","YEAR","","COUNTY","CALIFORNIA","06","CENTRAL COAST","40","SAN LUIS OBISPO","079","","","00000000","","PLUM-APRICOT HYBRIDS","PLUM-APRICOT HYBRIDS, INCL PLUMCOTS & PLUOTS - ACRES BEARING","TOTAL","NOT SPECIFIED","1","47.6"
"CENSUS","2017","YEAR","","COUNTY","CALIFORNIA","06","CENTRAL COAST","40","SAN MATEO","081","","","00000000","","PLUM-APRICOT HYBRIDS","PLUM-APRICOT HYBRIDS, INCL PLUMCOTS & PLUOTS - ACRES BEARING","TOTAL","NOT SPECIFIED"," (Z)","47.6"
"CENSUS","2017","YEAR","","COUNTY","CALIFORNIA","06","CENTRAL COAST","40","SANTA CRUZ","087","","","00000000","","PLUM-APRICOT HYBRIDS","PLUM-APRICOT HYBRIDS, INCL PLUMCOTS & PLUOTS - ACRES BEARING","TOTAL","NOT SPECIFIED"," (D)","(D)"
"CENSUS","2017","YEAR","","COUNTY","CALIFORNIA","06","CENTRAL COAST","40","SONOMA","097","","","00000000","","PLUM-APRICOT HYBRIDS","PLUM-APRICOT HYBRIDS, INCL PLUMCOTS & PLUOTS - ACRES BEARING","TOTAL","NOT SPECIFIED","3","47.6"
"CENSUS","2017","YEAR","","COUNTY","CALIFORNIA","06","NORTHERN COAST","10","HUMBOLDT","023","","","00000000","","PLUM-APRICOT HYBRIDS","PLUM-APRICOT HYBRIDS, INCL PLUMCOTS & PLUOTS - ACRES BEARING","TOTAL","NOT SPECIFIED","2","47.6"
"CENSUS","2017","YEAR","","COUNTY","CALIFORNIA","06","NORTHERN COAST","10","MENDOCINO","045","","","00000000","","PLUM-APRICOT HYBRIDS","PLUM-APRICOT HYBRIDS, INCL PLUMCOTS & PLUOTS - ACRES BEARING","TOTAL","NOT SPECIFIED"," (D)","(D)"
"CENSUS","2017","YEAR","","COUNTY","CALIFORNIA","06","SACRAMENTO VALLEY","50","BUTTE","007","","","00000000","","PLUM-APRICOT HYBRIDS","PLUM-APRICOT HYBRIDS, INCL PLUMCOTS & PLUOTS - ACRES BEARING","TOTAL","NOT SPECIFIED","6","47.6"
"CENSUS","2017","YEAR","","COUNTY","CALIFORNIA","06","SACRAMENTO VALLEY","50","COLUSA","011","","","00000000","","PLUM-APRICOT HYBRIDS","PLUM-APRICOT HYBRIDS, INCL PLUMCOTS & PLUOTS - ACRES BEARING","TOTAL","NOT SPECIFIED","2","47.6"
"CENSUS","2017","YEAR","","COUNTY","CALIFORNIA","06","SACRAMENTO VALLEY","50","GLENN","021","","","00000000","","PLUM-APRICOT HYBRIDS","PLUM-APRICOT HYBRIDS, INCL PLUMCOTS & PLUOTS - ACRES BEARING","TOTAL","NOT SPECIFIED"," (D)","(D)"
"CENSUS","2017","YEAR","","COUNTY","CALIFORNIA","06","SACRAMENTO VALLEY","50","SACRAMENTO","067","","","00000000","","PLUM-APRICOT HYBRIDS","PLUM-APRICOT HYBRIDS, INCL PLUMCOTS & PLUOTS - ACRES BEARING","TOTAL","NOT SPECIFIED"," (D)","(D)"
"CENSUS","2017","YEAR","","COUNTY","CALIFORNIA","06","SACRAMENTO VALLEY","50","SOLANO","095","","","00000000","","PLUM-APRICOT HYBRIDS","PLUM-APRICOT HYBRIDS, INCL PLUMCOTS & PLUOTS - ACRES BEARING","TOTAL","NOT SPECIFIED"," (D)","(D)"
"CENSUS","2017","YEAR","","COUNTY","CALIFORNIA","06","SACRAMENTO VALLEY","50","SUTTER","101","","","00000000","","PLUM-APRICOT HYBRIDS","PLUM-APRICOT HYBRIDS, INCL PLUMCOTS & PLUOTS - ACRES BEARING","TOTAL","NOT SPECIFIED"," (D)","(D)"
"CENSUS","2017","YEAR","","COUNTY","CALIFORNIA","06","SACRAMENTO VALLEY","50","YOLO","113","","","00000000","","PLUM-APRICOT HYBRIDS","PLUM-APRICOT HYBRIDS, INCL PLUMCOTS & PLUOTS - ACRES BEARING","TOTAL","NOT SPECIFIED"," (D)","(D)"
"CENSUS","2017","YEAR","","COUNTY","CALIFORNIA","06","SACRAMENTO VALLEY","50","YUBA","115","","","00000000","","PLUM-APRICOT HYBRIDS","PLUM-APRICOT HYBRIDS, INCL PLUMCOTS & PLUOTS - ACRES BEARING","TOTAL","NOT SPECIFIED"," (D)","(D)"
"CENSUS","2017","YEAR","","COUNTY","CALIFORNIA","06","SAN JOAQUIN VALLEY","51","FRESNO","019","","","00000000","","PLUM-APRICOT HYBRIDS","PLUM-APRICOT HYBRIDS, INCL PLUMCOTS & PLUOTS - ACRES BEARING","TOTAL","NOT SPECIFIED","2,920","47.6"
"CENSUS","2017","YEAR","","COUNTY","CALIFORNIA","06","SAN JOAQUIN VALLEY","51","KERN","029","","","00000000","","PLUM-APRICOT HYBRIDS","PLUM-APRICOT HYBRIDS, INCL PLUMCOTS & PLUOTS - ACRES BEARING","TOTAL","NOT SPECIFIED"," (D)","(D)"
"CENSUS","2017","YEAR","","COUNTY","CALIFORNIA","06","SAN JOAQUIN VALLEY","51","KINGS","031","","","00000000","","PLUM-APRICOT HYBRIDS","PLUM-APRICOT HYBRIDS, INCL PLUMCOTS & PLUOTS - ACRES BEARING","TOTAL","NOT SPECIFIED","230","47.6"
"CENSUS","2017","YEAR","","COUNTY","CALIFORNIA","06","SAN JOAQUIN VALLEY","51","MADERA","039","","","00000000","","PLUM-APRICOT HYBRIDS","PLUM-APRICOT HYBRIDS, INCL PLUMCOTS & PLUOTS - ACRES BEARING","TOTAL","NOT SPECIFIED"," (D)","(D)"
"CENSUS","2017","YEAR","","COUNTY","CALIFORNIA","06","SAN JOAQUIN VALLEY","51","MERCED","047","","","00000000","","PLUM-APRICOT HYBRIDS","PLUM-APRICOT HYBRIDS, INCL PLUMCOTS & PLUOTS - ACRES BEARING","TOTAL","NOT SPECIFIED"," (D)","(D)"
"CENSUS","2017","YEAR","","COUNTY","CALIFORNIA","06","SAN JOAQUIN VALLEY","51","SAN JOAQUIN","077","","","00000000","","PLUM-APRICOT HYBRIDS","PLUM-APRICOT HYBRIDS, INCL PLUMCOTS & PLUOTS - ACRES BEARING","TOTAL","NOT SPECIFIED"," (D)","(D)"
"CENSUS","2017","YEAR","","COUNTY","CALIFORNIA","06","SAN JOAQUIN VALLEY","51","STANISLAUS","099","","","00000000","","PLUM-APRICOT HYBRIDS","PLUM-APRICOT HYBRIDS, INCL PLUMCOTS & PLUOTS - ACRES BEARING","TOTAL","NOT SPECIFIED","37","47.6"
"CENSUS","2017","YEAR","","COUNTY","CALIFORNIA","06","SAN JOAQUIN VALLEY","51","TULARE","107","","","00000000","","PLUM-APRICOT HYBRIDS","PLUM-APRICOT HYBRIDS, INCL PLUMCOTS & PLUOTS - ACRES BEARING","TOTAL","NOT SPECIFIED"," (D)","(D)"
"CENSUS","2017","YEAR","","COUNTY","CALIFORNIA","06","SIERRA MOUNTAINS","60","EL DORADO","017","","","00000000","","PLUM-APRICOT HYBRIDS","PLUM-APRICOT HYBRIDS, INCL PLUMCOTS & PLUOTS - ACRES BEARING","TOTAL","NOT SPECIFIED","7","47.6"
"CENSUS","2017","YEAR","","COUNTY","CALIFORNIA","06","SIERRA MOUNTAINS","60","NEVADA","057","","","00000000","","PLUM-APRICOT HYBRIDS","PLUM-APRICOT HYBRIDS, INCL PLUMCOTS & PLUOTS - ACRES BEARING","TOTAL","NOT SPECIFIED","1","47.6"
"CENSUS","2017","YEAR","","COUNTY","CALIFORNIA","06","SIERRA MOUNTAINS","60","PLACER","061","","","00000000","","PLUM-APRICOT HYBRIDS","PLUM-APRICOT HYBRIDS, INCL PLUMCOTS & PLUOTS - ACRES BEARING","TOTAL","NOT SPECIFIED","5","47.6"
"CENSUS","2017","YEAR","","COUNTY","CALIFORNIA","06","SISKIYOU-SHASTA","20","SHASTA","089","","","00000000","","PLUM-APRICOT HYBRIDS","PLUM-APRICOT HYBRIDS, INCL PLUMCOTS & PLUOTS - ACRES BEARING","TOTAL","NOT SPECIFIED"," (D)","(D)"
"CENSUS","2017","YEAR","","COUNTY","CALIFORNIA","06","SOUTHERN CALIFORNIA","80","LOS ANGELES","037","","","00000000","","PLUM-APRICOT HYBRIDS","PLUM-APRICOT HYBRIDS, INCL PLUMCOTS & PLUOTS - ACRES BEARING","TOTAL","NOT SPECIFIED"," (Z)","47.6"
"CENSUS","2017","YEAR","","COUNTY","CALIFORNIA","06","SOUTHERN CALIFORNIA","80","RIVERSIDE","065","","","00000000","","PLUM-APRICOT HYBRIDS","PLUM-APRICOT HYBRIDS, INCL PLUMCOTS & PLUOTS - ACRES BEARING","TOTAL","NOT SPECIFIED"," (D)","(D)"
"CENSUS","2017","YEAR","","COUNTY","CALIFORNIA","06","SOUTHERN CALIFORNIA","80","SAN DIEGO","073","","","00000000","","PLUM-APRICOT HYBRIDS","PLUM-APRICOT HYBRIDS, INCL PLUMCOTS & PLUOTS - ACRES BEARING","TOTAL","NOT SPECIFIED","2","47.6"
"CENSUS","2017","YEAR","","COUNTY","CALIFORNIA","06","SOUTHERN CALIFORNIA","80","SANTA BARBARA","083","","","00000000","","PLUM-APRICOT HYBRIDS","PLUM-APRICOT HYBRIDS, INCL PLUMCOTS & PLUOTS - ACRES BEARING","TOTAL","NOT SPECIFIED"," (D)","(D)"
"CENSUS","2017","YEAR","","COUNTY","COLORADO","08","SOUTHWEST","70","MESA","077","","","00000000","","PLUM-APRICOT HYBRIDS","PLUM-APRICOT HYBRIDS, INCL PLUMCOTS & PLUOTS - ACRES BEARING","TOTAL","NOT SPECIFIED"," (D)","(D)"
"CENSUS","2017","YEAR","","COUNTY","IDAHO","16","SOUTHWEST","70","ADA","001","","","00000000","","PLUM-APRICOT HYBRIDS","PLUM-APRICOT HYBRIDS, INCL PLUMCOTS & PLUOTS - ACRES BEARING","TOTAL","NOT SPECIFIED"," (D)","(D)"
"CENSUS","2017","YEAR","","COUNTY","IDAHO","16","SOUTHWEST","70","CANYON","027","","","00000000","","PLUM-APRICOT HYBRIDS","PLUM-APRICOT HYBRIDS, INCL PLUMCOTS & PLUOTS - ACRES BEARING","TOTAL","NOT SPECIFIED"," (D)","(D)"
"CENSUS","2017","YEAR","","COUNTY","ILLINOIS","17","SOUTHWEST","80","RANDOLPH","157","","","00000000","","PLUM-APRICOT HYBRIDS","PLUM-APRICOT HYBRIDS, INCL PLUMCOTS & PLUOTS - ACRES BEARING","TOTAL","NOT SPECIFIED"," (D)","(D)"
"CENSUS","2017","YEAR","","COUNTY","INDIANA","18","EAST CENTRAL","60","WAYNE","177","","","00000000","","PLUM-APRICOT HYBRIDS","PLUM-APRICOT HYBRIDS, INCL PLUMCOTS & PLUOTS - ACRES BEARING","TOTAL","NOT SPECIFIED"," (D)","(D)"
"CENSUS","2017","YEAR","","COUNTY","IOWA","19","EAST CENTRAL","60","JOHNSON","103","","","00000000","","PLUM-APRICOT HYBRIDS","PLUM-APRICOT HYBRIDS, INCL PLUMCOTS & PLUOTS - ACRES BEARING","TOTAL","NOT SPECIFIED"," (D)","(D)"
"CENSUS","2017","YEAR","","COUNTY","MISSOURI","29","CENTRAL","50","BOONE","019","","","00000000","","PLUM-APRICOT HYBRIDS","PLUM-APRICOT HYBRIDS, INCL PLUMCOTS & PLUOTS - ACRES BEARING","TOTAL","NOT SPECIFIED"," (D)","(D)"
"CENSUS","2017","YEAR","","COUNTY","MISSOURI","29","SOUTHEAST","90","STODDARD","207","","","00000000","","PLUM-APRICOT HYBRIDS","PLUM-APRICOT HYBRIDS, INCL PLUMCOTS & PLUOTS - ACRES BEARING","TOTAL","NOT SPECIFIED"," (D)","(D)"
"CENSUS","2017","YEAR","","COUNTY","NEBRASKA","31","SOUTHEAST","90","GAGE","067","","","00000000","","PLUM-APRICOT HYBRIDS","PLUM-APRICOT HYBRIDS, INCL PLUMCOTS & PLUOTS - ACRES BEARING","TOTAL","NOT SPECIFIED"," (D)","(D)"
"CENSUS","2017","YEAR","","COUNTY","NEVADA","32","NORTHWEST","10","LYON","019","","","00000000","","PLUM-APRICOT HYBRIDS","PLUM-APRICOT HYBRIDS, INCL PLUMCOTS & PLUOTS - ACRES BEARING","TOTAL","NOT SPECIFIED"," (D)","(D)"
"CENSUS","2017","YEAR","","COUNTY","NEW HAMPSHIRE","33","ALL COUNTIES","10","HILLSBOROUGH","011","","","00000000","","PLUM-APRICOT HYBRIDS","PLUM-APRICOT HYBRIDS, INCL PLUMCOTS & PLUOTS - ACRES BEARING","TOTAL","NOT SPECIFIED"," (D)","(D)"
"CENSUS","2017","YEAR","","COUNTY","NEW MEXICO","35","NORTHWEST","10","BERNALILLO","001","","","00000000","","PLUM-APRICOT HYBRIDS","PLUM-APRICOT HYBRIDS, INCL PLUMCOTS & PLUOTS - ACRES BEARING","TOTAL","NOT SPECIFIED"," (D)","(D)"
"CENSUS","2017","YEAR","","COUNTY","NEW YORK","36","SOUTHEAST","90","DUTCHESS","027","","","00000000","","PLUM-APRICOT HYBRIDS","PLUM-APRICOT HYBRIDS, INCL PLUMCOTS & PLUOTS - ACRES BEARING","TOTAL","NOT SPECIFIED"," (D)","(D)"
"CENSUS","2017","YEAR","","COUNTY","NEW YORK","36","WESTERN","40","NIAGARA","063","","","00000000","","PLUM-APRICOT HYBRIDS","PLUM-APRICOT HYBRIDS, INCL PLUMCOTS & PLUOTS - ACRES BEARING","TOTAL","NOT SPECIFIED"," (D)","(D)"
"CENSUS","2017","YEAR","","COUNTY","OREGON","41","NORTH CENTRAL","20","HOOD RIVER","027","","","00000000","","PLUM-APRICOT HYBRIDS","PLUM-APRICOT HYBRIDS, INCL PLUMCOTS & PLUOTS - ACRES BEARING","TOTAL","NOT SPECIFIED"," (D)","(D)"
"CENSUS","2017","YEAR","","COUNTY","OREGON","41","NORTHEAST","30","BAKER","001","","","00000000","","PLUM-APRICOT HYBRIDS","PLUM-APRICOT HYBRIDS, INCL PLUMCOTS & PLUOTS - ACRES BEARING","TOTAL","NOT SPECIFIED"," (D)","(D)"
"CENSUS","2017","YEAR","","COUNTY","OREGON","41","NORTHEAST","30","UMATILLA","059","","","00000000","","PLUM-APRICOT HYBRIDS","PLUM-APRICOT HYBRIDS, INCL PLUMCOTS & PLUOTS - ACRES BEARING","TOTAL","NOT SPECIFIED"," (D)","(D)"
"CENSUS","2017","YEAR","","COUNTY","OREGON","41","NORTHWEST","10","CLATSOP","007","","","00000000","","PLUM-APRICOT HYBRIDS","PLUM-APRICOT HYBRIDS, INCL PLUMCOTS & PLUOTS - ACRES BEARING","TOTAL","NOT SPECIFIED"," (D)","(D)"
"CENSUS","2017","YEAR","","COUNTY","OREGON","41","NORTHWEST","10","LANE","039","","","00000000","","PLUM-APRICOT HYBRIDS","PLUM-APRICOT HYBRIDS, INCL PLUMCOTS & PLUOTS - ACRES BEARING","TOTAL","NOT SPECIFIED"," (D)","(D)"
"CENSUS","2017","YEAR","","COUNTY","OREGON","41","NORTHWEST","10","LINN","043","","","00000000","","PLUM-APRICOT HYBRIDS","PLUM-APRICOT HYBRIDS, INCL PLUMCOTS & PLUOTS - ACRES BEARING","TOTAL","NOT SPECIFIED"," (D)","(D)"
"CENSUS","2017","YEAR","","COUNTY","OREGON","41","NORTHWEST","10","POLK","053","","","00000000","","PLUM-APRICOT HYBRIDS","PLUM-APRICOT HYBRIDS, INCL PLUMCOTS & PLUOTS - ACRES BEARING","TOTAL","NOT SPECIFIED","1","18.6"
"CENSUS","2017","YEAR","","COUNTY","OREGON","41","SOUTHWEST","70","DOUGLAS","019","","","00000000","","PLUM-APRICOT HYBRIDS","PLUM-APRICOT HYBRIDS, INCL PLUMCOTS & PLUOTS - ACRES BEARING","TOTAL","NOT SPECIFIED"," (D)","(D)"
"CENSUS","2017","YEAR","","COUNTY","OREGON","41","SOUTHWEST","70","JACKSON","029","","","00000000","","PLUM-APRICOT HYBRIDS","PLUM-APRICOT HYBRIDS, INCL PLUMCOTS & PLUOTS - ACRES BEARING","TOTAL","NOT SPECIFIED"," (D)","(D)"
"CENSUS","2017","YEAR","","COUNTY","OREGON","41","SOUTHWEST","70","JOSEPHINE","033","","","00000000","","PLUM-APRICOT HYBRIDS","PLUM-APRICOT HYBRIDS, INCL PLUMCOTS & PLUOTS - ACRES BEARING","TOTAL","NOT SPECIFIED"," (D)","(D)"
"CENSUS","2017","YEAR","","COUNTY","UTAH","49","CENTRAL","50","UTAH","049","","","00000000","","PLUM-APRICOT HYBRIDS","PLUM-APRICOT HYBRIDS, INCL PLUMCOTS & PLUOTS - ACRES BEARING","TOTAL","NOT SPECIFIED"," (D)","(D)"
"CENSUS","2017","YEAR","","COUNTY","UTAH","49","SOUTHERN","70","WASHINGTON","053","","","00000000","","PLUM-APRICOT HYBRIDS","PLUM-APRICOT HYBRIDS, INCL PLUMCOTS & PLUOTS - ACRES BEARING","TOTAL","NOT SPECIFIED"," (D)","(D)"
"CENSUS","2017","YEAR","","COUNTY","WASHINGTON","53","CENTRAL","20","BENTON","005","","","00000000","","PLUM-APRICOT HYBRIDS","PLUM-APRICOT HYBRIDS, INCL PLUMCOTS & PLUOTS - ACRES BEARING","TOTAL","NOT SPECIFIED"," (D)","(D)"
"CENSUS","2017","YEAR","","COUNTY","WASHINGTON","53","CENTRAL","20","CHELAN","007","","","00000000","","PLUM-APRICOT HYBRIDS","PLUM-APRICOT HYBRIDS, INCL PLUMCOTS & PLUOTS - ACRES BEARING","TOTAL","NOT SPECIFIED","3","87.5"
"CENSUS","2017","YEAR","","COUNTY","WASHINGTON","53","CENTRAL","20","OKANOGAN","047","","","00000000","","PLUM-APRICOT HYBRIDS","PLUM-APRICOT HYBRIDS, INCL PLUMCOTS & PLUOTS - ACRES BEARING","TOTAL","NOT SPECIFIED","107","87.5"
"CENSUS","2017","YEAR","","COUNTY","WASHINGTON","53","CENTRAL","20","YAKIMA","077","","","00000000","","PLUM-APRICOT HYBRIDS","PLUM-APRICOT HYBRIDS, INCL PLUMCOTS & PLUOTS - ACRES BEARING","TOTAL","NOT SPECIFIED"," (D)","(D)"
"CENSUS","2017","YEAR","","COUNTY","WASHINGTON","53","EAST CENTRAL","50","DOUGLAS","017","","","00000000","","PLUM-APRICOT HYBRIDS","PLUM-APRICOT HYBRIDS, INCL PLUMCOTS & PLUOTS - ACRES BEARING","TOTAL","NOT SPECIFIED"," (D)","(D)"
"CENSUS","2017","YEAR","","COUNTY","WASHINGTON","53","EAST CENTRAL","50","GRANT","025","","","00000000","","PLUM-APRICOT HYBRIDS","PLUM-APRICOT HYBRIDS, INCL PLUMCOTS & PLUOTS - ACRES BEARING","TOTAL","NOT SPECIFIED"," (D)","(D)"
"CENSUS","2017","YEAR","","COUNTY","WASHINGTON","53","SOUTHEAST","90","WALLA WALLA","071","","","00000000","","PLUM-APRICOT HYBRIDS","PLUM-APRICOT HYBRIDS, INCL PLUMCOTS & PLUOTS - ACRES BEARING","TOTAL","NOT SPECIFIED"," (D)","(D)"
"CENSUS","2017","YEAR","","COUNTY","WASHINGTON","53","WESTERN","10","CLARK","011","","","00000000","","PLUM-APRICOT HYBRIDS","PLUM-APRICOT HYBRIDS, INCL PLUMCOTS & PLUOTS - ACRES BEARING","TOTAL","NOT SPECIFIED","7","87.5"
"CENSUS","2017","YEAR","","COUNTY","WASHINGTON","53","WESTERN","10","PIERCE","053","","","00000000","","PLUM-APRICOT HYBRIDS","PLUM-APRICOT HYBRIDS, INCL PLUMCOTS & PLUOTS - ACRES BEARING","TOTAL","NOT SPECIFIED"," (D)","(D)"
"CENSUS","2017","YEAR","","COUNTY","WASHINGTON","53","WESTERN","10","SAN JUAN","055","","","00000000","","PLUM-APRICOT HYBRIDS","PLUM-APRICOT HYBRIDS, INCL PLUMCOTS & PLUOTS - ACRES BEARING","TOTAL","NOT SPECIFIED"," (D)","(D)"
"CENSUS","2017","YEAR","","NATIONAL","US TOTAL","","","","","","","","00000000","","PLUM-APRICOT HYBRIDS","PLUM-APRICOT HYBRIDS, INCL PLUMCOTS & PLUOTS - ACRES BEARING","TOTAL","NOT SPECIFIED","4,266","33.8"
"CENSUS","2017","YEAR","","STATE","ALABAMA","01","","","","","","","00000000","","PLUM-APRICOT HYBRIDS","PLUM-APRICOT HYBRIDS, INCL PLUMCOTS & PLUOTS - ACRES BEARING","TOTAL","NOT SPECIFIED"," (D)","(D)"
"CENSUS","2017","YEAR","","STATE","ARIZONA","04","","","","","","","00000000","","PLUM-APRICOT HYBRIDS","PLUM-APRICOT HYBRIDS, INCL PLUMCOTS & PLUOTS - ACRES BEARING","TOTAL","NOT SPECIFIED"," (D)","(D)"
"CENSUS","2017","YEAR","","STATE","CALIFORNIA","06","","","","","","","00000000","","PLUM-APRICOT HYBRIDS","PLUM-APRICOT HYBRIDS, INCL PLUMCOTS & PLUOTS - ACRES BEARING","TOTAL","NOT SPECIFIED","4,094","35.7"
"CENSUS","2017","YEAR","","STATE","COLORADO","08","","","","","","","00000000","","PLUM-APRICOT HYBRIDS","PLUM-APRICOT HYBRIDS, INCL PLUMCOTS & PLUOTS - ACRES BEARING","TOTAL","NOT SPECIFIED"," (D)","(D)"
"CENSUS","2017","YEAR","","STATE","IDAHO","16","","","","","","","00000000","","PLUM-APRICOT HYBRIDS","PLUM-APRICOT HYBRIDS, INCL PLUMCOTS & PLUOTS - ACRES BEARING","TOTAL","NOT SPECIFIED"," (D)","(D)"
"CENSUS","2017","YEAR","","STATE","ILLINOIS","17","","","","","","","00000000","","PLUM-APRICOT HYBRIDS","PLUM-APRICOT HYBRIDS, INCL PLUMCOTS & PLUOTS - ACRES BEARING","TOTAL","NOT SPECIFIED"," (D)","(D)"
"CENSUS","2017","YEAR","","STATE","INDIANA","18","","","","","","","00000000","","PLUM-APRICOT HYBRIDS","PLUM-APRICOT HYBRIDS, INCL PLUMCOTS & PLUOTS - ACRES BEARING","TOTAL","NOT SPECIFIED"," (D)","(D)"
"CENSUS","2017","YEAR","","STATE","IOWA","19","","","","","","","00000000","","PLUM-APRICOT HYBRIDS","PLUM-APRICOT HYBRIDS, INCL PLUMCOTS & PLUOTS - ACRES BEARING","TOTAL","NOT SPECIFIED"," (D)","(D)"
"CENSUS","2017","YEAR","","STATE","MISSOURI","29","","","","","","","00000000","","PLUM-APRICOT HYBRIDS","PLUM-APRICOT HYBRIDS, INCL PLUMCOTS & PLUOTS - ACRES BEARING","TOTAL","NOT SPECIFIED"," (D)","(D)"
"CENSUS","2017","YEAR","","STATE","NEBRASKA","31","","","","","","","00000000","","PLUM-APRICOT HYBRIDS","PLUM-APRICOT HYBRIDS, INCL PLUMCOTS & PLUOTS - ACRES BEARING","TOTAL","NOT SPECIFIED"," (D)","(D)"
"CENSUS","2017","YEAR","","STATE","NEVADA","32","","","","","","","00000000","","PLUM-APRICOT HYBRIDS","PLUM-APRICOT HYBRIDS, INCL PLUMCOTS & PLUOTS - ACRES BEARING","TOTAL","NOT SPECIFIED"," (D)","(D)"
"CENSUS","2017","YEAR","","STATE","NEW HAMPSHIRE","33","","","","","","","00000000","","PLUM-APRICOT HYBRIDS","PLUM-APRICOT HYBRIDS, INCL PLUMCOTS & PLUOTS - ACRES BEARING","TOTAL","NOT SPECIFIED"," (D)","(D)"
"CENSUS","2017","YEAR","","STATE","NEW MEXICO","35","","","","","","","00000000","","PLUM-APRICOT HYBRIDS","PLUM-APRICOT HYBRIDS, INCL PLUMCOTS & PLUOTS - ACRES BEARING","TOTAL","NOT SPECIFIED"," (D)","(D)"
"CENSUS","2017","YEAR","","STATE","NEW YORK","36","","","","","","","00000000","","PLUM-APRICOT HYBRIDS","PLUM-APRICOT HYBRIDS, INCL PLUMCOTS & PLUOTS - ACRES BEARING","TOTAL","NOT SPECIFIED"," (D)","(D)"
"CENSUS","2017","YEAR","","STATE","OREGON","41","","","","","","","00000000","","PLUM-APRICOT HYBRIDS","PLUM-APRICOT HYBRIDS, INCL PLUMCOTS & PLUOTS - ACRES BEARING","TOTAL","NOT SPECIFIED","6","13.1"
"CENSUS","2017","YEAR","","STATE","UTAH","49","","","","","","","00000000","","PLUM-APRICOT HYBRIDS","PLUM-APRICOT HYBRIDS, INCL PLUMCOTS & PLUOTS - ACRES BEARING","TOTAL","NOT SPECIFIED","1","(H)"
"CENSUS","2017","YEAR","","STATE","WASHINGTON","53","","","","","","","00000000","","PLUM-APRICOT HYBRIDS","PLUM-APRICOT HYBRIDS, INCL PLUMCOTS & PLUOTS - ACRES BEARING","TOTAL","NOT SPECIFIED","157","70.5"
"CENSUS","2012","YEAR","","COUNTY","CALIFORNIA","06","CENTRAL COAST","40","CONTRA COSTA","013","","","00000000","","PLUM-APRICOT HYBRIDS","PLUM-APRICOT HYBRIDS, INCL PLUMCOTS & PLUOTS - ACRES BEARING","TOTAL","NOT SPECIFIED","5","7.2"
"CENSUS","2012","YEAR","","COUNTY","CALIFORNIA","06","CENTRAL COAST","40","SAN LUIS OBISPO","079","","","00000000","","PLUM-APRICOT HYBRIDS","PLUM-APRICOT HYBRIDS, INCL PLUMCOTS & PLUOTS - ACRES BEARING","TOTAL","NOT SPECIFIED","4","7.2"
"CENSUS","2012","YEAR","","COUNTY","CALIFORNIA","06","CENTRAL COAST","40","SONOMA","097","","","00000000","","PLUM-APRICOT HYBRIDS","PLUM-APRICOT HYBRIDS, INCL PLUMCOTS & PLUOTS - ACRES BEARING","TOTAL","NOT SPECIFIED"," (D)","(D)"
"CENSUS","2012","YEAR","","COUNTY","CALIFORNIA","06","NORTHERN COAST","10","HUMBOLDT","023","","","00000000","","PLUM-APRICOT HYBRIDS","PLUM-APRICOT HYBRIDS, INCL PLUMCOTS & PLUOTS - ACRES BEARING","TOTAL","NOT SPECIFIED"," (D)","(D)"
"CENSUS","2012","YEAR","","COUNTY","CALIFORNIA","06","SACRAMENTO VALLEY","50","BUTTE","007","","","00000000","","PLUM-APRICOT HYBRIDS","PLUM-APRICOT HYBRIDS, INCL PLUMCOTS & PLUOTS - ACRES BEARING","TOTAL","NOT SPECIFIED"," (D)","(D)"
"CENSUS","2012","YEAR","","COUNTY","CALIFORNIA","06","SACRAMENTO VALLEY","50","GLENN","021","","","00000000","","PLUM-APRICOT HYBRIDS","PLUM-APRICOT HYBRIDS, INCL PLUMCOTS & PLUOTS - ACRES BEARING","TOTAL","NOT SPECIFIED"," (D)","(D)"
"CENSUS","2012","YEAR","","COUNTY","CALIFORNIA","06","SACRAMENTO VALLEY","50","SOLANO","095","","","00000000","","PLUM-APRICOT HYBRIDS","PLUM-APRICOT HYBRIDS, INCL PLUMCOTS & PLUOTS - ACRES BEARING","TOTAL","NOT SPECIFIED"," (D)","(D)"
"CENSUS","2012","YEAR","","COUNTY","CALIFORNIA","06","SACRAMENTO VALLEY","50","TEHAMA","103","","","00000000","","PLUM-APRICOT HYBRIDS","PLUM-APRICOT HYBRIDS, INCL PLUMCOTS & PLUOTS - ACRES BEARING","TOTAL","NOT SPECIFIED"," (D)","(D)"
"CENSUS","2012","YEAR","","COUNTY","CALIFORNIA","06","SACRAMENTO VALLEY","50","YOLO","113","","","00000000","","PLUM-APRICOT HYBRIDS","PLUM-APRICOT HYBRIDS, INCL PLUMCOTS & PLUOTS - ACRES BEARING","TOTAL","NOT SPECIFIED","3","7.2"
"CENSUS","2012","YEAR","","COUNTY","CALIFORNIA","06","SACRAMENTO VALLEY","50","YUBA","115","","","00000000","","PLUM-APRICOT HYBRIDS","PLUM-APRICOT HYBRIDS, INCL PLUMCOTS & PLUOTS - ACRES BEARING","TOTAL","NOT SPECIFIED"," (D)","(D)"
"CENSUS","2012","YEAR","","COUNTY","CALIFORNIA","06","SAN JOAQUIN VALLEY","51","FRESNO","019","","","00000000","","PLUM-APRICOT HYBRIDS","PLUM-APRICOT HYBRIDS, INCL PLUMCOTS & PLUOTS - ACRES BEARING","TOTAL","NOT SPECIFIED","1,631","7.2"
"CENSUS","2012","YEAR","","COUNTY","CALIFORNIA","06","SAN JOAQUIN VALLEY","51","KERN","029","","","00000000","","PLUM-APRICOT HYBRIDS","PLUM-APRICOT HYBRIDS, INCL PLUMCOTS & PLUOTS - ACRES BEARING","TOTAL","NOT SPECIFIED"," (D)","(D)"
"CENSUS","2012","YEAR","","COUNTY","CALIFORNIA","06","SAN JOAQUIN VALLEY","51","KINGS","031","","","00000000","","PLUM-APRICOT HYBRIDS","PLUM-APRICOT HYBRIDS, INCL PLUMCOTS & PLUOTS - ACRES BEARING","TOTAL","NOT SPECIFIED","128","7.2"
"CENSUS","2012","YEAR","","COUNTY","CALIFORNIA","06","SAN JOAQUIN VALLEY","51","MERCED","047","","","00000000","","PLUM-APRICOT HYBRIDS","PLUM-APRICOT HYBRIDS, INCL PLUMCOTS & PLUOTS - ACRES BEARING","TOTAL","NOT SPECIFIED","43","7.2"
"CENSUS","2012","YEAR","","COUNTY","CALIFORNIA","06","SAN JOAQUIN VALLEY","51","SAN JOAQUIN","077","","","00000000","","PLUM-APRICOT HYBRIDS","PLUM-APRICOT HYBRIDS, INCL PLUMCOTS & PLUOTS - ACRES BEARING","TOTAL","NOT SPECIFIED"," (D)","(D)"
"CENSUS","2012","YEAR","","COUNTY","CALIFORNIA","06","SAN JOAQUIN VALLEY","51","STANISLAUS","099","","","00000000","","PLUM-APRICOT HYBRIDS","PLUM-APRICOT HYBRIDS, INCL PLUMCOTS & PLUOTS - ACRES BEARING","TOTAL","NOT SPECIFIED","27","7.2"
"CENSUS","2012","YEAR","","COUNTY","CALIFORNIA","06","SAN JOAQUIN VALLEY","51","TULARE","107","","","00000000","","PLUM-APRICOT HYBRIDS","PLUM-APRICOT HYBRIDS, INCL PLUMCOTS & PLUOTS - ACRES BEARING","TOTAL","NOT SPECIFIED"," (D)","(D)"
"CENSUS","2012","YEAR","","COUNTY","CALIFORNIA","06","SIERRA MOUNTAINS","60","EL DORADO","017","","","00000000","","PLUM-APRICOT HYBRIDS","PLUM-APRICOT HYBRIDS, INCL PLUMCOTS & PLUOTS - ACRES BEARING","TOTAL","NOT SPECIFIED","4","7.2"
"CENSUS","2012","YEAR","","COUNTY","CALIFORNIA","06","SIERRA MOUNTAINS","60","NEVADA","057","","","00000000","","PLUM-APRICOT HYBRIDS","PLUM-APRICOT HYBRIDS, INCL PLUMCOTS & PLUOTS - ACRES BEARING","TOTAL","NOT SPECIFIED","1","7.2"
"CENSUS","2012","YEAR","","COUNTY","CALIFORNIA","06","SIERRA MOUNTAINS","60","PLACER","061","","","00000000","","PLUM-APRICOT HYBRIDS","PLUM-APRICOT HYBRIDS, INCL PLUMCOTS & PLUOTS - ACRES BEARING","TOTAL","NOT SPECIFIED","2","7.2"
"CENSUS","2012","YEAR","","COUNTY","CALIFORNIA","06","SOUTHERN CALIFORNIA","80","ORANGE","059","","","00000000","","PLUM-APRICOT HYBRIDS","PLUM-APRICOT HYBRIDS, INCL PLUMCOTS & PLUOTS - ACRES BEARING","TOTAL","NOT SPECIFIED"," (D)","(D)"
"CENSUS","2012","YEAR","","COUNTY","CALIFORNIA","06","SOUTHERN CALIFORNIA","80","SAN BERNARDINO","071","","","00000000","","PLUM-APRICOT HYBRIDS","PLUM-APRICOT HYBRIDS, INCL PLUMCOTS & PLUOTS - ACRES BEARING","TOTAL","NOT SPECIFIED","2","7.2"
"CENSUS","2012","YEAR","","COUNTY","CALIFORNIA","06","SOUTHERN CALIFORNIA","80","SAN DIEGO","073","","","00000000","","PLUM-APRICOT HYBRIDS","PLUM-APRICOT HYBRIDS, INCL PLUMCOTS & PLUOTS - ACRES BEARING","TOTAL","NOT SPECIFIED"," (D)","(D)"
"CENSUS","2012","YEAR","","COUNTY","IDAHO","16","SOUTHWEST","70","CANYON","027","","","00000000","","PLUM-APRICOT HYBRIDS","PLUM-APRICOT HYBRIDS, INCL PLUMCOTS & PLUOTS - ACRES BEARING","TOTAL","NOT SPECIFIED"," (D)","(D)"
"CENSUS","2012","YEAR","","COUNTY","IDAHO","16","SOUTHWEST","70","ELMORE","039","","","00000000","","PLUM-APRICOT HYBRIDS","PLUM-APRICOT HYBRIDS, INCL PLUMCOTS & PLUOTS - ACRES BEARING","TOTAL","NOT SPECIFIED"," (D)","(D)"
"CENSUS","2012","YEAR","","COUNTY","IDAHO","16","SOUTHWEST","70","WASHINGTON","087","","","00000000","","PLUM-APRICOT HYBRIDS","PLUM-APRICOT HYBRIDS, INCL PLUMCOTS & PLUOTS - ACRES BEARING","TOTAL","NOT SPECIFIED"," (D)","(D)"
"CENSUS","2012","YEAR","","COUNTY","OREGON","41","NORTH CENTRAL","20","HOOD RIVER","027","","","00000000","","PLUM-APRICOT HYBRIDS","PLUM-APRICOT HYBRIDS, INCL PLUMCOTS & PLUOTS - ACRES BEARING","TOTAL","NOT SPECIFIED"," (D)","(D)"
"CENSUS","2012","YEAR","","COUNTY","OREGON","41","NORTHEAST","30","UMATILLA","059","","","00000000","","PLUM-APRICOT HYBRIDS","PLUM-APRICOT HYBRIDS, INCL PLUMCOTS & PLUOTS - ACRES BEARING","TOTAL","NOT SPECIFIED"," (D)","(D)"
"CENSUS","2012","YEAR","","COUNTY","OREGON","41","NORTHWEST","10","LANE","039","","","00000000","","PLUM-APRICOT HYBRIDS","PLUM-APRICOT HYBRIDS, INCL PLUMCOTS & PLUOTS - ACRES BEARING","TOTAL","NOT SPECIFIED"," (D)","(D)"
"CENSUS","2012","YEAR","","COUNTY","OREGON","41","NORTHWEST","10","POLK","053","","","00000000","","PLUM-APRICOT HYBRIDS","PLUM-APRICOT HYBRIDS, INCL PLUMCOTS & PLUOTS - ACRES BEARING","TOTAL","NOT SPECIFIED"," (D)","(D)"
"CENSUS","2012","YEAR","","COUNTY","OREGON","41","NORTHWEST","10","YAMHILL","071","","","00000000","","PLUM-APRICOT HYBRIDS","PLUM-APRICOT HYBRIDS, INCL PLUMCOTS & PLUOTS - ACRES BEARING","TOTAL","NOT SPECIFIED","2","90.4"
"CENSUS","2012","YEAR","","COUNTY","OREGON","41","SOUTHWEST","70","JACKSON","029","","","00000000","","PLUM-APRICOT HYBRIDS","PLUM-APRICOT HYBRIDS, INCL PLUMCOTS & PLUOTS - ACRES BEARING","TOTAL","NOT SPECIFIED"," (D)","(D)"
"CENSUS","2012","YEAR","","COUNTY","WASHINGTON","53","CENTRAL","20","BENTON","005","","","00000000","","PLUM-APRICOT HYBRIDS","PLUM-APRICOT HYBRIDS, INCL PLUMCOTS & PLUOTS - ACRES BEARING","TOTAL","NOT SPECIFIED"," (D)","(D)"
"CENSUS","2012","YEAR","","COUNTY","WASHINGTON","53","CENTRAL","20","CHELAN","007","","","00000000","","PLUM-APRICOT HYBRIDS","PLUM-APRICOT HYBRIDS, INCL PLUMCOTS & PLUOTS - ACRES BEARING","TOTAL","NOT SPECIFIED"," (D)","(D)"
"CENSUS","2012","YEAR","","COUNTY","WASHINGTON","53","CENTRAL","20","OKANOGAN","047","","","00000000","","PLUM-APRICOT HYBRIDS","PLUM-APRICOT HYBRIDS, INCL PLUMCOTS & PLUOTS - ACRES BEARING","TOTAL","NOT SPECIFIED","5","78.4"
"CENSUS","2012","YEAR","","COUNTY","WASHINGTON","53","CENTRAL","20","YAKIMA","077","","","00000000","","PLUM-APRICOT HYBRIDS","PLUM-APRICOT HYBRIDS, INCL PLUMCOTS & PLUOTS - ACRES BEARING","TOTAL","NOT SPECIFIED"," (D)","(D)"
"CENSUS","2012","YEAR","","COUNTY","WASHINGTON","53","EAST CENTRAL","50","ADAMS","001","","","00000000","","PLUM-APRICOT HYBRIDS","PLUM-APRICOT HYBRIDS, INCL PLUMCOTS & PLUOTS - ACRES BEARING","TOTAL","NOT SPECIFIED"," (D)","(D)"
"CENSUS","2012","YEAR","","COUNTY","WASHINGTON","53","EAST CENTRAL","50","DOUGLAS","017","","","00000000","","PLUM-APRICOT HYBRIDS","PLUM-APRICOT HYBRIDS, INCL PLUMCOTS & PLUOTS - ACRES BEARING","TOTAL","NOT SPECIFIED"," (D)","(D)"
"CENSUS","2012","YEAR","","COUNTY","WASHINGTON","53","EAST CENTRAL","50","FRANKLIN","021","","","00000000","","PLUM-APRICOT HYBRIDS","PLUM-APRICOT HYBRIDS, INCL PLUMCOTS & PLUOTS - ACRES BEARING","TOTAL","NOT SPECIFIED"," (D)","(D)"
"CENSUS","2012","YEAR","","COUNTY","WASHINGTON","53","EAST CENTRAL","50","GRANT","025","","","00000000","","PLUM-APRICOT HYBRIDS","PLUM-APRICOT HYBRIDS, INCL PLUMCOTS & PLUOTS - ACRES BEARING","TOTAL","NOT SPECIFIED"," (D)","(D)"
"CENSUS","2012","YEAR","","COUNTY","WASHINGTON","53","NORTHEAST","30","SPOKANE","063","","","00000000","","PLUM-APRICOT HYBRIDS","PLUM-APRICOT HYBRIDS, INCL PLUMCOTS & PLUOTS - ACRES BEARING","TOTAL","NOT SPECIFIED"," (D)","(D)"
"CENSUS","2012","YEAR","","COUNTY","WASHINGTON","53","WESTERN","10","CLARK","011","","","00000000","","PLUM-APRICOT HYBRIDS","PLUM-APRICOT HYBRIDS, INCL PLUMCOTS & PLUOTS - ACRES BEARING","TOTAL","NOT SPECIFIED"," (D)","(D)"
"CENSUS","2012","YEAR","","COUNTY","WASHINGTON","53","WESTERN","10","KING","033","","","00000000","","PLUM-APRICOT HYBRIDS","PLUM-APRICOT HYBRIDS, INCL PLUMCOTS & PLUOTS - ACRES BEARING","TOTAL","NOT SPECIFIED"," (D)","(D)"
"CENSUS","2012","YEAR","","COUNTY","WASHINGTON","53","WESTERN","10","KITSAP","035","","","00000000","","PLUM-APRICOT HYBRIDS","PLUM-APRICOT HYBRIDS, INCL PLUMCOTS & PLUOTS - ACRES BEARING","TOTAL","NOT SPECIFIED","1","78.4"
"CENSUS","2012","YEAR","","NATIONAL","US TOTAL","","","","","","","","00000000","","PLUM-APRICOT HYBRIDS","PLUM-APRICOT HYBRIDS, INCL PLUMCOTS & PLUOTS - ACRES BEARING","TOTAL","NOT SPECIFIED","3,002","8.8"
"CENSUS","2012","YEAR","","STATE","CALIFORNIA","06","","","","","","","00000000","","PLUM-APRICOT HYBRIDS","PLUM-APRICOT HYBRIDS, INCL PLUMCOTS & PLUOTS - ACRES BEARING","TOTAL","NOT SPECIFIED","2,930","8.3"
"CENSUS","2012","YEAR","","STATE","IDAHO","16","","","","","","","00000000","","PLUM-APRICOT HYBRIDS","PLUM-APRICOT HYBRIDS, INCL PLUMCOTS & PLUOTS - ACRES BEARING","TOTAL","NOT SPECIFIED"," (D)","(D)"
"CENSUS","2012","YEAR","","STATE","OREGON","41","","","","","","","00000000","","PLUM-APRICOT HYBRIDS","PLUM-APRICOT HYBRIDS, INCL PLUMCOTS & PLUOTS - ACRES BEARING","TOTAL","NOT SPECIFIED"," (D)","(D)"
"CENSUS","2012","YEAR","","STATE","WASHINGTON","53","","","","","","","00000000","","PLUM-APRICOT HYBRIDS","PLUM-APRICOT HYBRIDS, INCL PLUMCOTS & PLUOTS - ACRES BEARING","TOTAL","NOT SPECIFIED","60","55.6"
"CENSUS","2007","YEAR","","COUNTY","CALIFORNIA","06","CENTRAL COAST","40","CONTRA COSTA","013","","","00000000","","PLUM-APRICOT HYBRIDS","PLUM-APRICOT HYBRIDS, INCL PLUMCOTS & PLUOTS - ACRES BEARING","TOTAL","NOT SPECIFIED"," (D)",""
"CENSUS","2007","YEAR","","COUNTY","CALIFORNIA","06","CENTRAL COAST","40","SAN LUIS OBISPO","079","","","00000000","","PLUM-APRICOT HYBRIDS","PLUM-APRICOT HYBRIDS, INCL PLUMCOTS & PLUOTS - ACRES BEARING","TOTAL","NOT SPECIFIED"," (D)",""
"CENSUS","2007","YEAR","","COUNTY","CALIFORNIA","06","CENTRAL COAST","40","SONOMA","097","","","00000000","","PLUM-APRICOT HYBRIDS","PLUM-APRICOT HYBRIDS, INCL PLUMCOTS & PLUOTS - ACRES BEARING","TOTAL","NOT SPECIFIED"," (D)",""
"CENSUS","2007","YEAR","","COUNTY","CALIFORNIA","06","SACRAMENTO VALLEY","50","BUTTE","007","","","00000000","","PLUM-APRICOT HYBRIDS","PLUM-APRICOT HYBRIDS, INCL PLUMCOTS & PLUOTS - ACRES BEARING","TOTAL","NOT SPECIFIED","1",""
"CENSUS","2007","YEAR","","COUNTY","CALIFORNIA","06","SACRAMENTO VALLEY","50","SACRAMENTO","067","","","00000000","","PLUM-APRICOT HYBRIDS","PLUM-APRICOT HYBRIDS, INCL PLUMCOTS & PLUOTS - ACRES BEARING","TOTAL","NOT SPECIFIED"," (D)",""
"CENSUS","2007","YEAR","","COUNTY","CALIFORNIA","06","SACRAMENTO VALLEY","50","SUTTER","101","","","00000000","","PLUM-APRICOT HYBRIDS","PLUM-APRICOT HYBRIDS, INCL PLUMCOTS & PLUOTS - ACRES BEARING","TOTAL","NOT SPECIFIED","6",""
"CENSUS","2007","YEAR","","COUNTY","CALIFORNIA","06","SACRAMENTO VALLEY","50","TEHAMA","103","","","00000000","","PLUM-APRICOT HYBRIDS","PLUM-APRICOT HYBRIDS, INCL PLUMCOTS & PLUOTS - ACRES BEARING","TOTAL","NOT SPECIFIED","1",""
"CENSUS","2007","YEAR","","COUNTY","CALIFORNIA","06","SACRAMENTO VALLEY","50","YUBA","115","","","00000000","","PLUM-APRICOT HYBRIDS","PLUM-APRICOT HYBRIDS, INCL PLUMCOTS & PLUOTS - ACRES BEARING","TOTAL","NOT SPECIFIED"," (D)",""
"CENSUS","2007","YEAR","","COUNTY","CALIFORNIA","06","SAN JOAQUIN VALLEY","51","FRESNO","019","","","00000000","","PLUM-APRICOT HYBRIDS","PLUM-APRICOT HYBRIDS, INCL PLUMCOTS & PLUOTS - ACRES BEARING","TOTAL","NOT SPECIFIED","1,102",""
"CENSUS","2007","YEAR","","COUNTY","CALIFORNIA","06","SAN JOAQUIN VALLEY","51","KERN","029","","","00000000","","PLUM-APRICOT HYBRIDS","PLUM-APRICOT HYBRIDS, INCL PLUMCOTS & PLUOTS - ACRES BEARING","TOTAL","NOT SPECIFIED"," (D)",""
"CENSUS","2007","YEAR","","COUNTY","CALIFORNIA","06","SAN JOAQUIN VALLEY","51","KINGS","031","","","00000000","","PLUM-APRICOT HYBRIDS","PLUM-APRICOT HYBRIDS, INCL PLUMCOTS & PLUOTS - ACRES BEARING","TOTAL","NOT SPECIFIED"," (D)",""
"CENSUS","2007","YEAR","","COUNTY","CALIFORNIA","06","SAN JOAQUIN VALLEY","51","MADERA","039","","","00000000","","PLUM-APRICOT HYBRIDS","PLUM-APRICOT HYBRIDS, INCL PLUMCOTS & PLUOTS - ACRES BEARING","TOTAL","NOT SPECIFIED"," (D)",""
"CENSUS","2007","YEAR","","COUNTY","CALIFORNIA","06","SAN JOAQUIN VALLEY","51","MERCED","047","","","00000000","","PLUM-APRICOT HYBRIDS","PLUM-APRICOT HYBRIDS, INCL PLUMCOTS & PLUOTS - ACRES BEARING","TOTAL","NOT SPECIFIED"," (D)",""
"CENSUS","2007","YEAR","","COUNTY","CALIFORNIA","06","SAN JOAQUIN VALLEY","51","SAN JOAQUIN","077","","","00000000","","PLUM-APRICOT HYBRIDS","PLUM-APRICOT HYBRIDS, INCL PLUMCOTS & PLUOTS - ACRES BEARING","TOTAL","NOT SPECIFIED"," (D)",""
"CENSUS","2007","YEAR","","COUNTY","CALIFORNIA","06","SAN JOAQUIN VALLEY","51","STANISLAUS","099","","","00000000","","PLUM-APRICOT HYBRIDS","PLUM-APRICOT HYBRIDS, INCL PLUMCOTS & PLUOTS - ACRES BEARING","TOTAL","NOT SPECIFIED"," (D)",""
"CENSUS","2007","YEAR","","COUNTY","CALIFORNIA","06","SAN JOAQUIN VALLEY","51","TULARE","107","","","00000000","","PLUM-APRICOT HYBRIDS","PLUM-APRICOT HYBRIDS, INCL PLUMCOTS & PLUOTS - ACRES BEARING","TOTAL","NOT SPECIFIED","1,406",""
"CENSUS","2007","YEAR","","COUNTY","CALIFORNIA","06","SIERRA MOUNTAINS","60","CALAVERAS","009","","","00000000","","PLUM-APRICOT HYBRIDS","PLUM-APRICOT HYBRIDS, INCL PLUMCOTS & PLUOTS - ACRES BEARING","TOTAL","NOT SPECIFIED"," (D)",""
"CENSUS","2007","YEAR","","COUNTY","CALIFORNIA","06","SIERRA MOUNTAINS","60","EL DORADO","017","","","00000000","","PLUM-APRICOT HYBRIDS","PLUM-APRICOT HYBRIDS, INCL PLUMCOTS & PLUOTS - ACRES BEARING","TOTAL","NOT SPECIFIED","3",""
"CENSUS","2007","YEAR","","COUNTY","CALIFORNIA","06","SIERRA MOUNTAINS","60","NEVADA","057","","","00000000","","PLUM-APRICOT HYBRIDS","PLUM-APRICOT HYBRIDS, INCL PLUMCOTS & PLUOTS - ACRES BEARING","TOTAL","NOT SPECIFIED"," (D)",""
"CENSUS","2007","YEAR","","COUNTY","CALIFORNIA","06","SIERRA MOUNTAINS","60","PLACER","061","","","00000000","","PLUM-APRICOT HYBRIDS","PLUM-APRICOT HYBRIDS, INCL PLUMCOTS & PLUOTS - ACRES BEARING","TOTAL","NOT SPECIFIED","3",""
"CENSUS","2007","YEAR","","COUNTY","CALIFORNIA","06","SISKIYOU-SHASTA","20","SHASTA","089","","","00000000","","PLUM-APRICOT HYBRIDS","PLUM-APRICOT HYBRIDS, INCL PLUMCOTS & PLUOTS - ACRES BEARING","TOTAL","NOT SPECIFIED"," (D)",""
"CENSUS","2007","YEAR","","COUNTY","CALIFORNIA","06","SOUTHERN CALIFORNIA","80","LOS ANGELES","037","","","00000000","","PLUM-APRICOT HYBRIDS","PLUM-APRICOT HYBRIDS, INCL PLUMCOTS & PLUOTS - ACRES BEARING","TOTAL","NOT SPECIFIED"," (D)",""
"CENSUS","2007","YEAR","","COUNTY","CALIFORNIA","06","SOUTHERN CALIFORNIA","80","ORANGE","059","","","00000000","","PLUM-APRICOT HYBRIDS","PLUM-APRICOT HYBRIDS, INCL PLUMCOTS & PLUOTS - ACRES BEARING","TOTAL","NOT SPECIFIED"," (D)",""
"CENSUS","2007","YEAR","","COUNTY","CALIFORNIA","06","SOUTHERN CALIFORNIA","80","RIVERSIDE","065","","","00000000","","PLUM-APRICOT HYBRIDS","PLUM-APRICOT HYBRIDS, INCL PLUMCOTS & PLUOTS - ACRES BEARING","TOTAL","NOT SPECIFIED"," (D)",""
"CENSUS","2007","YEAR","","COUNTY","CALIFORNIA","06","SOUTHERN CALIFORNIA","80","SAN DIEGO","073","","","00000000","","PLUM-APRICOT HYBRIDS","PLUM-APRICOT HYBRIDS, INCL PLUMCOTS & PLUOTS - ACRES BEARING","TOTAL","NOT SPECIFIED"," (D)",""
"CENSUS","2007","YEAR","","COUNTY","CALIFORNIA","06","SOUTHERN CALIFORNIA","80","VENTURA","111","","","00000000","","PLUM-APRICOT HYBRIDS","PLUM-APRICOT HYBRIDS, INCL PLUMCOTS & PLUOTS - ACRES BEARING","TOTAL","NOT SPECIFIED"," (D)",""
"CENSUS","2007","YEAR","","COUNTY","IDAHO","16","SOUTHWEST","70","PAYETTE","075","","","00000000","","PLUM-APRICOT HYBRIDS","PLUM-APRICOT HYBRIDS, INCL PLUMCOTS & PLUOTS - ACRES BEARING","TOTAL","NOT SPECIFIED"," (D)",""
"CENSUS","2007","YEAR","","COUNTY","IDAHO","16","SOUTHWEST","70","WASHINGTON","087","","","00000000","","PLUM-APRICOT HYBRIDS","PLUM-APRICOT HYBRIDS, INCL PLUMCOTS & PLUOTS - ACRES BEARING","TOTAL","NOT SPECIFIED"," (D)",""
"CENSUS","2007","YEAR","","COUNTY","OREGON","41","NORTHWEST","10","LANE","039","","","00000000","","PLUM-APRICOT HYBRIDS","PLUM-APRICOT HYBRIDS, INCL PLUMCOTS & PLUOTS - ACRES BEARING","TOTAL","NOT SPECIFIED"," (D)",""
"CENSUS","2007","YEAR","","COUNTY","OREGON","41","NORTHWEST","10","YAMHILL","071","","","00000000","","PLUM-APRICOT HYBRIDS","PLUM-APRICOT HYBRIDS, INCL PLUMCOTS & PLUOTS - ACRES BEARING","TOTAL","NOT SPECIFIED"," (D)",""
"CENSUS","2007","YEAR","","COUNTY","OREGON","41","SOUTHEAST","80","GRANT","023","","","00000000","","PLUM-APRICOT HYBRIDS","PLUM-APRICOT HYBRIDS, INCL PLUMCOTS & PLUOTS - ACRES BEARING","TOTAL","NOT SPECIFIED"," (D)",""
"CENSUS","2007","YEAR","","COUNTY","OREGON","41","SOUTHWEST","70","JOSEPHINE","033","","","00000000","","PLUM-APRICOT HYBRIDS","PLUM-APRICOT HYBRIDS, INCL PLUMCOTS & PLUOTS - ACRES BEARING","TOTAL","NOT SPECIFIED"," (D)",""
"CENSUS","2007","YEAR","","COUNTY","WASHINGTON","53","CENTRAL","20","BENTON","005","","","00000000","","PLUM-APRICOT HYBRIDS","PLUM-APRICOT HYBRIDS, INCL PLUMCOTS & PLUOTS - ACRES BEARING","TOTAL","NOT SPECIFIED"," (D)",""
"CENSUS","2007","YEAR","","COUNTY","WASHINGTON","53","CENTRAL","20","CHELAN","007","","","00000000","","PLUM-APRICOT HYBRIDS","PLUM-APRICOT HYBRIDS, INCL PLUMCOTS & PLUOTS - ACRES BEARING","TOTAL","NOT SPECIFIED"," (D)",""
"CENSUS","2007","YEAR","","COUNTY","WASHINGTON","53","CENTRAL","20","KLICKITAT","039","","","00000000","","PLUM-APRICOT HYBRIDS","PLUM-APRICOT HYBRIDS, INCL PLUMCOTS & PLUOTS - ACRES BEARING","TOTAL","NOT SPECIFIED"," (D)",""
"CENSUS","2007","YEAR","","COUNTY","WASHINGTON","53","CENTRAL","20","OKANOGAN","047","","","00000000","","PLUM-APRICOT HYBRIDS","PLUM-APRICOT HYBRIDS, INCL PLUMCOTS & PLUOTS - ACRES BEARING","TOTAL","NOT SPECIFIED","19",""
"CENSUS","2007","YEAR","","COUNTY","WASHINGTON","53","CENTRAL","20","YAKIMA","077","","","00000000","","PLUM-APRICOT HYBRIDS","PLUM-APRICOT HYBRIDS, INCL PLUMCOTS & PLUOTS - ACRES BEARING","TOTAL","NOT SPECIFIED","14",""
"CENSUS","2007","YEAR","","COUNTY","WASHINGTON","53","EAST CENTRAL","50","ADAMS","001","","","00000000","","PLUM-APRICOT HYBRIDS","PLUM-APRICOT HYBRIDS, INCL PLUMCOTS & PLUOTS - ACRES BEARING","TOTAL","NOT SPECIFIED"," (D)",""
"CENSUS","2007","YEAR","","COUNTY","WASHINGTON","53","EAST CENTRAL","50","DOUGLAS","017","","","00000000","","PLUM-APRICOT HYBRIDS","PLUM-APRICOT HYBRIDS, INCL PLUMCOTS & PLUOTS - ACRES BEARING","TOTAL","NOT SPECIFIED"," (D)",""
"CENSUS","2007","YEAR","","COUNTY","WASHINGTON","53","EAST CENTRAL","50","FRANKLIN","021","","","00000000","","PLUM-APRICOT HYBRIDS","PLUM-APRICOT HYBRIDS, INCL PLUMCOTS & PLUOTS - ACRES BEARING","TOTAL","NOT SPECIFIED","22",""
"CENSUS","2007","YEAR","","COUNTY","WASHINGTON","53","EAST CENTRAL","50","GRANT","025","","","00000000","","PLUM-APRICOT HYBRIDS","PLUM-APRICOT HYBRIDS, INCL PLUMCOTS & PLUOTS - ACRES BEARING","TOTAL","NOT SPECIFIED"," (D)",""
"CENSUS","2007","YEAR","","COUNTY","WASHINGTON","53","NORTHEAST","30","STEVENS","065","","","00000000","","PLUM-APRICOT HYBRIDS","PLUM-APRICOT HYBRIDS, INCL PLUMCOTS & PLUOTS - ACRES BEARING","TOTAL","NOT SPECIFIED"," (D)",""
"CENSUS","2007","YEAR","","COUNTY","WASHINGTON","53","WESTERN","10","CLARK","011","","","00000000","","PLUM-APRICOT HYBRIDS","PLUM-APRICOT HYBRIDS, INCL PLUMCOTS & PLUOTS - ACRES BEARING","TOTAL","NOT SPECIFIED"," (D)",""
"CENSUS","2007","YEAR","","COUNTY","WASHINGTON","53","WESTERN","10","THURSTON","067","","","00000000","","PLUM-APRICOT HYBRIDS","PLUM-APRICOT HYBRIDS, INCL PLUMCOTS & PLUOTS - ACRES BEARING","TOTAL","NOT SPECIFIED"," (D)",""
"CENSUS","2007","YEAR","","NATIONAL","US TOTAL","","","","","","","","00000000","","PLUM-APRICOT HYBRIDS","PLUM-APRICOT HYBRIDS, INCL PLUMCOTS & PLUOTS - ACRES BEARING","TOTAL","NOT SPECIFIED","3,843",""
"CENSUS","2007","YEAR","","STATE","CALIFORNIA","06","","","","","","","00000000","","PLUM-APRICOT HYBRIDS","PLUM-APRICOT HYBRIDS, INCL PLUMCOTS & PLUOTS - ACRES BEARING","TOTAL","NOT SPECIFIED","3,701",""
"CENSUS","2007","YEAR","","STATE","IDAHO","16","","","","","","","00000000","","PLUM-APRICOT HYBRIDS","PLUM-APRICOT HYBRIDS, INCL PLUMCOTS & PLUOTS - ACRES BEARING","TOTAL","NOT SPECIFIED","11",""
"CENSUS","2007","YEAR","","STATE","OREGON","41","","","","","","","00000000","","PLUM-APRICOT HYBRIDS","PLUM-APRICOT HYBRIDS, INCL PLUMCOTS & PLUOTS - ACRES BEARING","TOTAL","NOT SPECIFIED","1",""
"CENSUS","2007","YEAR","","STATE","WASHINGTON","53","","","","","","","00000000","","PLUM-APRICOT HYBRIDS","PLUM-APRICOT HYBRIDS, INCL PLUMCOTS & PLUOTS - ACRES BEARING","TOTAL","NOT SPECIFIED","130",""
